sigh.press,[Errno 11001] getaddrinfo failed
madnessporn.com,[WinError 10054] 현재 연결은 원격 호스트에 의해 강제로 끊겼습니다
yydzh.com,[WinError 10054] 현재 연결은 원격 호스트에 의해 강제로 끊겼습니다
filmespornos.blog.br,[Errno 11002] getaddrinfo failed
harikonotora.net,"[SSL: CERTIFICATE_VERIFY_FAILED] certificate verify failed: Hostname mismatch, certificate is not valid for 'harikonotora.net'. (_ssl.c:1129)"
moneygazelle.com,"[SSL: CERTIFICATE_VERIFY_FAILED] certificate verify failed: Hostname mismatch, certificate is not valid for 'moneygazelle.com'. (_ssl.c:1129)"
mrvine.co,timed out
topbestgames.com,timed out
300mbmovies4u.lol,[Errno 11001] getaddrinfo failed
aolcdn.com,[Errno 11001] getaddrinfo failed
uraltrack.net,_ssl.c:1112: The handshake operation timed out
amaebi.net,timed out
mail.mil,[Errno 11001] getaddrinfo failed
sampo.ru,timed out
tkgm.gov.tr,[Errno 11002] getaddrinfo failed
mporg.ir,timed out
88dushu.com,timed out
wxphp.com,[Errno 11001] getaddrinfo failed
0azx1.com,[Errno 11001] getaddrinfo failed
partnercardbillpay.com,[Errno 11001] getaddrinfo failed
topload.pro,[Errno 11001] getaddrinfo failed
cne.gov.ve,timed out
ntust.edu.tw,timed out
airdates.tv,timed out
searchetan.com,[Errno 11001] getaddrinfo failed
5669.com,[Errno 11001] getaddrinfo failed
immi-moj.go.jp,[Errno 11001] getaddrinfo failed
epfoservices.com,[SSL: CERTIFICATE_VERIFY_FAILED] certificate verify failed: unable to get local issuer certificate (_ssl.c:1129)
cinemalibero.tv,[Errno 11001] getaddrinfo failed
kinnser.net,timed out
bancoazteca.com.mx,[WinError 10054] 현재 연결은 원격 호스트에 의해 강제로 끊겼습니다
comtaxup.gov.in,timed out
dubbedanime.net,[Errno 11001] getaddrinfo failed
freeml.com,[Errno 11001] getaddrinfo failed
sierblog.com,timed out
politros.com,[Errno 11002] getaddrinfo failed
twinkboyfriends.tv,"[SSL: CERTIFICATE_VERIFY_FAILED] certificate verify failed: Hostname mismatch, certificate is not valid for 'twinkboyfriends.tv'. (_ssl.c:1129)"
cdnmoa.com,[Errno 11001] getaddrinfo failed
hime-book.net,timed out
edumsko.ru,timed out
ebaystatic.com,[Errno 11001] getaddrinfo failed
fromtexttospeech.com,timed out
mobirum.com,[SSL: CERTIFICATE_VERIFY_FAILED] certificate verify failed: unable to get local issuer certificate (_ssl.c:1129)
miimd.com,timed out
view-pdf.com,timed out
haibao.com,timed out
hepfullfilmizle.com,timed out
52down.com,timed out
postgresql.jp,[Errno 11001] getaddrinfo failed
kijomatomelog.com,[SSL: CERTIFICATE_VERIFY_FAILED] certificate verify failed: self signed certificate (_ssl.c:1129)
tirumala.org,timed out
38mama.ru,timed out
sztb.gov.cn,[Errno 11001] getaddrinfo failed
cotemaison.fr,[SSL: TLSV1_UNRECOGNIZED_NAME] tlsv1 unrecognized name (_ssl.c:1129)
dingsheng.com,[Errno 11001] getaddrinfo failed
hoi4wiki.com,timed out
amazeui.org,[Errno 11001] getaddrinfo failed
bthai.net,[Errno 11001] getaddrinfo failed
searchtab.win,[Errno 11001] getaddrinfo failed
kkb.kz,"[SSL: CERTIFICATE_VERIFY_FAILED] certificate verify failed: Hostname mismatch, certificate is not valid for 'kkb.kz'. (_ssl.c:1129)"
danielcelulares.com.br,[Errno 11001] getaddrinfo failed
phdowns.net,[Errno 11001] getaddrinfo failed
bvd2.nl,timed out
fullxxxmovies.net,[WinError 10054] 현재 연결은 원격 호스트에 의해 강제로 끊겼습니다
hrssgz.gov.cn,timed out
tvpoolonline.com,"[SSL: CERTIFICATE_VERIFY_FAILED] certificate verify failed: Hostname mismatch, certificate is not valid for 'tvpoolonline.com'. (_ssl.c:1129)"
flenix.net,[SSL: CERTIFICATE_VERIFY_FAILED] certificate verify failed: unable to get local issuer certificate (_ssl.c:1129)
imgrum.me,[Errno 11001] getaddrinfo failed
getpromo2017.info,[Errno 11001] getaddrinfo failed
chromeexperiments.com,[Errno 2] No such file or directory
searche-engine.ru,"[SSL: CERTIFICATE_VERIFY_FAILED] certificate verify failed: Hostname mismatch, certificate is not valid for 'searche-engine.ru'. (_ssl.c:1129)"
turn.com,[Errno 11001] getaddrinfo failed
pornzog.com,[WinError 10054] 현재 연결은 원격 호스트에 의해 강제로 끊겼습니다
articulty.com,timed out
super-birds.com,[Errno 11001] getaddrinfo failed
soscasa.tv,[Errno 11001] getaddrinfo failed
go007.com,[SSL: CERTIFICATE_VERIFY_FAILED] certificate verify failed: self signed certificate (_ssl.c:1129)
wz.cz,"[SSL: CERTIFICATE_VERIFY_FAILED] certificate verify failed: Hostname mismatch, certificate is not valid for 'wz.cz'. (_ssl.c:1129)"
hokkaido.jp,[Errno 11001] getaddrinfo failed
myvoffice.com,[Errno 11001] getaddrinfo failed
qiau.ac.ir,timed out
pondiuni.edu.in,"[SSL: CERTIFICATE_VERIFY_FAILED] certificate verify failed: Hostname mismatch, certificate is not valid for 'pondiuni.edu.in'. (_ssl.c:1129)"
foal.space,[Errno 11001] getaddrinfo failed
xlpu.cc,[Errno 11001] getaddrinfo failed
icq100.com,timed out
peperonity.com,timed out
cinesunidos.com,[Errno 11001] getaddrinfo failed
omnivox.ca,"[SSL: CERTIFICATE_VERIFY_FAILED] certificate verify failed: Hostname mismatch, certificate is not valid for 'omnivox.ca'. (_ssl.c:1129)"
newestxxx.com,[WinError 10054] 현재 연결은 원격 호스트에 의해 강제로 끊겼습니다
lesco.gov.pk,timed out
chicksontheright.com,[SSL: CERTIFICATE_VERIFY_FAILED] certificate verify failed: self signed certificate (_ssl.c:1129)
mytoys.ru,timed out
tataindicom.com,timed out
educacion.gob.es,"[SSL: CERTIFICATE_VERIFY_FAILED] certificate verify failed: Hostname mismatch, certificate is not valid for 'educacion.gob.es'. (_ssl.c:1129)"
alibaba.net,[Errno 11002] getaddrinfo failed
esic.nic.in,[SSL: CERTIFICATE_VERIFY_FAILED] certificate verify failed: certificate has expired (_ssl.c:1129)
zqzz.com,timed out
vbird.org,[Errno 11001] getaddrinfo failed
u-strasbg.fr,[Errno 11001] getaddrinfo failed
ymmfa.com,timed out
iranfile.ir,_ssl.c:1112: The handshake operation timed out
sharafdg.com,timed out
awogbtinorwx.com,[Errno 11001] getaddrinfo failed
freenoob.com,"[SSL: CERTIFICATE_VERIFY_FAILED] certificate verify failed: Hostname mismatch, certificate is not valid for 'freenoob.com'. (_ssl.c:1129)"
ad1.ru,[SSL: CERTIFICATE_VERIFY_FAILED] certificate verify failed: certificate has expired (_ssl.c:1129)
cput.ac.za,"[SSL: CERTIFICATE_VERIFY_FAILED] certificate verify failed: Hostname mismatch, certificate is not valid for 'cput.ac.za'. (_ssl.c:1129)"
tangdou.com,timed out
zxjsq.net,"[SSL: CERTIFICATE_VERIFY_FAILED] certificate verify failed: Hostname mismatch, certificate is not valid for 'zxjsq.net'. (_ssl.c:1129)"
2kporns4u.com,[WinError 10054] 현재 연결은 원격 호스트에 의해 강제로 끊겼습니다
nrf.ac.za,[Errno 11001] getaddrinfo failed
59pi.com,timed out
mlab.com,"[SSL: CERTIFICATE_VERIFY_FAILED] certificate verify failed: Hostname mismatch, certificate is not valid for 'mlab.com'. (_ssl.c:1129)"
askthepotato.com,[Errno 11001] getaddrinfo failed
taopic.com,[SSL: CERTIFICATE_VERIFY_FAILED] certificate verify failed: certificate has expired (_ssl.c:1129)
freebeemart.com,[SSL: CERTIFICATE_VERIFY_FAILED] certificate verify failed: self signed certificate (_ssl.c:1129)
motilaloswal.com,timed out
cpgweb.net,[Errno 11001] getaddrinfo failed
pornsavant.com,[WinError 10054] 현재 연결은 원격 호스트에 의해 강제로 끊겼습니다
prashanthellina.com,[Errno 11002] getaddrinfo failed
dd1258.com,timed out
wowindianporn.com,[WinError 10054] 현재 연결은 원격 호스트에 의해 강제로 끊겼습니다
phaseone.com,timed out
gaybeeg.info,timed out
digital-thread.com,[SSL: CERTIFICATE_VERIFY_FAILED] certificate verify failed: self signed certificate (_ssl.c:1129)
mylularoe.com,timed out
eonet.ne.jp,[Errno 11001] getaddrinfo failed
gxejgs.com,timed out
sidecubes.com,"[SSL: CERTIFICATE_VERIFY_FAILED] certificate verify failed: Hostname mismatch, certificate is not valid for 'sidecubes.com'. (_ssl.c:1129)"
voici-news.fr,[Errno 11001] getaddrinfo failed
b1fe8a95ae27823.com,[Errno 11001] getaddrinfo failed
barevhayer.com,[SSL: CERTIFICATE_VERIFY_FAILED] certificate verify failed: unable to get local issuer certificate (_ssl.c:1129)
indiangfvideos.com,"[SSL: CERTIFICATE_VERIFY_FAILED] certificate verify failed: Hostname mismatch, certificate is not valid for 'indiangfvideos.com'. (_ssl.c:1129)"
linkshop.com.cn,timed out
uqidong.com,"[SSL: CERTIFICATE_VERIFY_FAILED] certificate verify failed: Hostname mismatch, certificate is not valid for 'uqidong.com'. (_ssl.c:1129)"
uniroma3.it,"[SSL: CERTIFICATE_VERIFY_FAILED] certificate verify failed: Hostname mismatch, certificate is not valid for 'uniroma3.it'. (_ssl.c:1129)"
i34hd.com,[WinError 10054] 현재 연결은 원격 호스트에 의해 강제로 끊겼습니다
cblast.life,[Errno 11001] getaddrinfo failed
dinero.com,timed out
axdxmdv.com,[Errno 11001] getaddrinfo failed
bolee.com,timed out
animezilla.com,[WinError 10054] 현재 연결은 원격 호스트에 의해 강제로 끊겼습니다
pics.vc,[WinError 10054] 현재 연결은 원격 호스트에 의해 강제로 끊겼습니다
jpg4.net,[Errno 11001] getaddrinfo failed
sephora.cn,timed out
forzamigliozzi.com,[SSL: CERTIFICATE_VERIFY_FAILED] certificate verify failed: certificate has expired (_ssl.c:1129)
trendcrown.net,[Errno 11001] getaddrinfo failed
airydress.com,timed out
otorrentu.com,timed out
uscellular.com,timed out
printvenue.com,timed out
onlinefucktube.com,[SSL: TLSV1_ALERT_INTERNAL_ERROR] tlsv1 alert internal error (_ssl.c:1129)
charter724.ir,timed out
axioscloud.it,[Errno 11001] getaddrinfo failed
visaforchina.org,[SSL: CERTIFICATE_VERIFY_FAILED] certificate verify failed: unable to get local issuer certificate (_ssl.c:1129)
entry.edu.tw,[Errno 11001] getaddrinfo failed
edintorni.net,"[SSL: CERTIFICATE_VERIFY_FAILED] certificate verify failed: Hostname mismatch, certificate is not valid for 'edintorni.net'. (_ssl.c:1129)"
365jz.info,[Errno 11001] getaddrinfo failed
hkex.com.hk,timed out
pornfidelity.com,[WinError 10054] 현재 연결은 원격 호스트에 의해 강제로 끊겼습니다
storebt.org,[Errno 11001] getaddrinfo failed
motorbikes247.de,timed out
1080.net,[Errno 11001] getaddrinfo failed
tpondemand.com,timed out
wanyeyou.net,timed out
61.com.tw,timed out
ub-speeda.com,[Errno 11001] getaddrinfo failed
usasexguide.info,timed out
meta-lol.com,timed out
backroomcastingcouch.com,[WinError 10054] 현재 연결은 원격 호스트에 의해 강제로 끊겼습니다
keralamvd.gov.in,[SSL: CERTIFICATE_VERIFY_FAILED] certificate verify failed: self signed certificate (_ssl.c:1129)
sharewithu.com,[Errno 11001] getaddrinfo failed
optusnet.com.au,timed out
peacehall.com,[Errno 11002] getaddrinfo failed
withairbnb.com,[Errno 11001] getaddrinfo failed
securitymagazin.cz,[WinError 10054] 현재 연결은 원격 호스트에 의해 강제로 끊겼습니다
citizensinformation.ie,[SSL: CERTIFICATE_VERIFY_FAILED] certificate verify failed: certificate has expired (_ssl.c:1129)
cio114.com,[Errno 11001] getaddrinfo failed
keepgif.com,[Errno 11001] getaddrinfo failed
violet.vn,timed out
jetune.fm,[Errno 11001] getaddrinfo failed
mktrack.com,timed out
httpcn.com,[WinError 10054] 현재 연결은 원격 호스트에 의해 강제로 끊겼습니다
4dle.info,[Errno 11001] getaddrinfo failed
muryouav.net,timed out
iranapps.ir,_ssl.c:1112: The handshake operation timed out
activebeat.co,"[SSL: CERTIFICATE_VERIFY_FAILED] certificate verify failed: Hostname mismatch, certificate is not valid for 'activebeat.co'. (_ssl.c:1129)"
canlimaclar.co,[Errno 11001] getaddrinfo failed
novinhasdozapzap.com,[WinError 10054] 현재 연결은 원격 호스트에 의해 강제로 끊겼습니다
tigerairtw.com,[Errno 11001] getaddrinfo failed
rjljndfgnkcu.com,[Errno 11001] getaddrinfo failed
varzesh11.com,timed out
taiwan.cn,"[SSL: CERTIFICATE_VERIFY_FAILED] certificate verify failed: Hostname mismatch, certificate is not valid for 'taiwan.cn'. (_ssl.c:1129)"
multimedios.com,timed out
brevin.website,[Errno 11001] getaddrinfo failed
lianshang.com,timed out
easyperfectnew.com,[Errno 11001] getaddrinfo failed
gayhoopla.com,[WinError 10054] 현재 연결은 원격 호스트에 의해 강제로 끊겼습니다
bfindo.com,timed out
arcteryx.com,[SSL: CERTIFICATE_VERIFY_FAILED] certificate verify failed: certificate has expired (_ssl.c:1129)
aijianji.com,"[SSL: CERTIFICATE_VERIFY_FAILED] certificate verify failed: Hostname mismatch, certificate is not valid for 'aijianji.com'. (_ssl.c:1129)"
budejie.com,[SSL: CERTIFICATE_VERIFY_FAILED] certificate verify failed: self signed certificate (_ssl.c:1129)
1-hash.com,timed out
pikore.co,timed out
gaotie.cn,"[SSL: CERTIFICATE_VERIFY_FAILED] certificate verify failed: Hostname mismatch, certificate is not valid for 'gaotie.cn'. (_ssl.c:1129)"
civilarch.ir,"[SSL: CERTIFICATE_VERIFY_FAILED] certificate verify failed: Hostname mismatch, certificate is not valid for 'civilarch.ir'. (_ssl.c:1129)"
xyz191.com,[SSL: CERTIFICATE_VERIFY_FAILED] certificate verify failed: self signed certificate (_ssl.c:1129)
btbtt.pw,[SSL: CERTIFICATE_VERIFY_FAILED] certificate verify failed: unable to get local issuer certificate (_ssl.c:1129)
spzs.com,timed out
codesec.net,"[SSL: CERTIFICATE_VERIFY_FAILED] certificate verify failed: Hostname mismatch, certificate is not valid for 'codesec.net'. (_ssl.c:1129)"
kyoto.lg.jp,[Errno 11001] getaddrinfo failed
indians3.xyz,[Errno 11001] getaddrinfo failed
hkbu.edu.hk,[SSL: CERTIFICATE_VERIFY_FAILED] certificate verify failed: certificate has expired (_ssl.c:1129)
grepcode.com,timed out
digitalartistsonline.com,timed out
irtelecom.az,[Errno 11001] getaddrinfo failed
momi3.net,"[SSL: CERTIFICATE_VERIFY_FAILED] certificate verify failed: Hostname mismatch, certificate is not valid for 'momi3.net'. (_ssl.c:1129)"
csgoreplay.club,[Errno 11001] getaddrinfo failed
tcg.ir,[Errno 11001] getaddrinfo failed
kyoto.jp,[Errno 11001] getaddrinfo failed
icicipruamc.com,timed out
bankalfalah.com,[Errno 11001] getaddrinfo failed
300mbfilms.org,timed out
saqlamheyat.az,[Errno 11002] getaddrinfo failed
vidnice.space,[Errno 11001] getaddrinfo failed
smutcam.com,[SSL: CERTIFICATE_VERIFY_FAILED] certificate verify failed: certificate has expired (_ssl.c:1129)
pttread.com,timed out
soubarato.com.br,[SSL: CERTIFICATE_VERIFY_FAILED] certificate verify failed: certificate has expired (_ssl.c:1129)
gacix.xyz,[Errno 11001] getaddrinfo failed
ittribalwo.com,timed out
geoportail.gouv.fr,[SSL: CERTIFICATE_VERIFY_FAILED] certificate verify failed: unable to get local issuer certificate (_ssl.c:1129)
hsbc.com.eg,[Errno 11001] getaddrinfo failed
teengirl-pics.com,timed out
webutation.net,_ssl.c:1112: The handshake operation timed out
doubleclickbygoogle.com,[Errno 2] No such file or directory
shippingchina.com,timed out
youtubeonrepeat.com,timed out
aboutyun.com,[Errno 11001] getaddrinfo failed
119g.com,[Errno 11001] getaddrinfo failed
bitisland.biz,[Errno 11001] getaddrinfo failed
etc-meisai.jp,[Errno 11001] getaddrinfo failed
heromaza.me,[Errno 11001] getaddrinfo failed
madchensex.com,[WinError 10054] 현재 연결은 원격 호스트에 의해 강제로 끊겼습니다
quantopian.com,timed out
gag1gag.com,[Errno 11002] getaddrinfo failed
yaojingweiba.com,timed out
swust.edu.cn,timed out
huffpostmaghreb.com,[Errno 11001] getaddrinfo failed
azstatic.com,[Errno 11001] getaddrinfo failed
hrss.gov.cn,[Errno 11001] getaddrinfo failed
watchpornfree.me,"[SSL: CERTIFICATE_VERIFY_FAILED] certificate verify failed: Hostname mismatch, certificate is not valid for 'watchpornfree.me'. (_ssl.c:1129)"
videobokep.co,[Errno 11001] getaddrinfo failed
gigporn.org,[Errno 11001] getaddrinfo failed
picjoke.net,[SSL: CERTIFICATE_VERIFY_FAILED] certificate verify failed: certificate has expired (_ssl.c:1129)
iyunv.com,[SSL: CERTIFICATE_VERIFY_FAILED] certificate verify failed: self signed certificate (_ssl.c:1129)
skynetblogs.be,[Errno 11002] getaddrinfo failed
language3days.com,timed out
xxx-tracker.com,timed out
area-11.com,[SSL: TLSV1_UNRECOGNIZED_NAME] tlsv1 unrecognized name (_ssl.c:1129)
kke.co.jp,[Errno 11001] getaddrinfo failed
olangal.pro,[SSL: CERTIFICATE_VERIFY_FAILED] certificate verify failed: unable to get local issuer certificate (_ssl.c:1129)
51seer.com,[Errno 11001] getaddrinfo failed
fredmeyer.com,timed out
bitchyf.it,[SSL: CERTIFICATE_VERIFY_FAILED] certificate verify failed: certificate has expired (_ssl.c:1129)
glbimg.com,[Errno 11001] getaddrinfo failed
prc.gov.ph,timed out
bjjtgl.gov.cn,[Errno 11001] getaddrinfo failed
eurobabeindex.com,[WinError 10054] 현재 연결은 원격 호스트에 의해 강제로 끊겼습니다
gmbox.ru,[Errno 11002] getaddrinfo failed
boqii.com,timed out
begemot.media,[Errno 11001] getaddrinfo failed
smarttalkies.com,[Errno 11002] getaddrinfo failed
k12.sc.us,[Errno 11001] getaddrinfo failed
cna.gob.mx,[Errno 11002] getaddrinfo failed
lss.gov.cn,[Errno 11001] getaddrinfo failed
owschools.com,[Errno 11001] getaddrinfo failed
nhk-ondemand.jp,[Errno 11001] getaddrinfo failed
opsu.gob.ve,timed out
segou456.info,[Errno 11001] getaddrinfo failed
edistrictodisha.gov.in,timed out
slack-redir.net,[Errno 11001] getaddrinfo failed
advmedialtd.com,timed out
mobile-tracker-free.com,[WinError 10054] 현재 연결은 원격 호스트에 의해 강제로 끊겼습니다
meiguoshenpo.com,[Errno 11001] getaddrinfo failed
wealthpiggy.com,timed out
exgirlfriendmarket.com,[WinError 10054] 현재 연결은 원격 호스트에 의해 강제로 끊겼습니다
instagramcharts.com,[Errno 11001] getaddrinfo failed
narita-airport.jp,[Errno 11001] getaddrinfo failed
maricopa.gov,[SSL: CERTIFICATE_VERIFY_FAILED] certificate verify failed: unable to get local issuer certificate (_ssl.c:1129)
liba.com,[Errno 11001] getaddrinfo failed
sanitas.es,[WinError 10054] 현재 연결은 원격 호스트에 의해 강제로 끊겼습니다
bravoteens.com,[WinError 10054] 현재 연결은 원격 호스트에 의해 강제로 끊겼습니다
jacdelhi.nic.in,[Errno 11001] getaddrinfo failed
unusualporn.net,[WinError 10054] 현재 연결은 원격 호스트에 의해 강제로 끊겼습니다
prophotos.ru,[SSL: CERTIFICATE_VERIFY_FAILED] certificate verify failed: unable to get local issuer certificate (_ssl.c:1129)
zoofilia.gratis,[Errno 11001] getaddrinfo failed
gurupembelajar.id,[SSL: CERTIFICATE_VERIFY_FAILED] certificate verify failed: certificate has expired (_ssl.c:1129)
askadmissions.net,[Errno 11001] getaddrinfo failed
alchourouk.com,"[SSL: CERTIFICATE_VERIFY_FAILED] certificate verify failed: Hostname mismatch, certificate is not valid for 'alchourouk.com'. (_ssl.c:1129)"
takewari.com,timed out
fzfed.com.cn,timed out
sexhubhd.com,[WinError 10054] 현재 연결은 원격 호스트에 의해 강제로 끊겼습니다
debonairblog.com,timed out
edb.com,timed out
maiziedu.com,timed out
gestionsecretariasdeeducacion.gov.co,[Errno 11001] getaddrinfo failed
cslxhmchzgbx.com,[Errno 11001] getaddrinfo failed
nzbs.org,timed out
uni-kl.de,[Errno 11001] getaddrinfo failed
astropaycard.com,[Errno 11001] getaddrinfo failed
qatarairways.com.qa,[Errno 11001] getaddrinfo failed
aboutcg.com,timed out
lifeextension.com,timed out
poker1945a.com,[Errno 11001] getaddrinfo failed
dmca.com,[SSL: CERTIFICATE_VERIFY_FAILED] certificate verify failed: certificate has expired (_ssl.c:1129)
twse.com.tw,[Errno 11001] getaddrinfo failed
fapd.com,[SSL: CERTIFICATE_VERIFY_FAILED] certificate verify failed: self signed certificate in certificate chain (_ssl.c:1129)
xiji.com,timed out
f-tools.net,"[SSL: CERTIFICATE_VERIFY_FAILED] certificate verify failed: Hostname mismatch, certificate is not valid for 'f-tools.net'. (_ssl.c:1129)"
yingshidaquan.cc,timed out
arabwebpage.com,[Errno 11002] getaddrinfo failed
darkhorizons.com,timed out
girlsdoporn.com,[Errno 11001] getaddrinfo failed
stamp3.com,timed out
qiulele.com,[Errno 11002] getaddrinfo failed
streamcherry.com,"[SSL: CERTIFICATE_VERIFY_FAILED] certificate verify failed: Hostname mismatch, certificate is not valid for 'streamcherry.com'. (_ssl.c:1129)"
pemex.com,timed out
fattyvideos.com,[WinError 10054] 현재 연결은 원격 호스트에 의해 강제로 끊겼습니다
oyunkuzusu.com,timed out
unitel.ao,[SSL: CERTIFICATE_VERIFY_FAILED] certificate verify failed: unable to get local issuer certificate (_ssl.c:1129)
markafoni.com,[Errno 11001] getaddrinfo failed
abacast.net,[Errno 11001] getaddrinfo failed
e-sim.org,[SSL: CERTIFICATE_VERIFY_FAILED] certificate verify failed: unable to get local issuer certificate (_ssl.c:1129)
starafrica.com,[Errno 11002] getaddrinfo failed
ur-net.go.jp,[Errno 11001] getaddrinfo failed
ufpe.br,[Errno 11001] getaddrinfo failed
rtb-click.com,[Errno 11001] getaddrinfo failed
51testing.com,[Errno 11001] getaddrinfo failed
opco.me,timed out
slither-io.com,"[SSL: CERTIFICATE_VERIFY_FAILED] certificate verify failed: Hostname mismatch, certificate is not valid for 'slither-io.com'. (_ssl.c:1129)"
javbraze.com,[WinError 10054] 현재 연결은 원격 호스트에 의해 강제로 끊겼습니다
unisys.co.jp,timed out
vrheads.com,"[SSL: CERTIFICATE_VERIFY_FAILED] certificate verify failed: Hostname mismatch, certificate is not valid for 'vrheads.com'. (_ssl.c:1129)"
videosexbokep.org,[Errno 11001] getaddrinfo failed
samsungsvc.co.kr,"[SSL: CERTIFICATE_VERIFY_FAILED] certificate verify failed: Hostname mismatch, certificate is not valid for 'samsungsvc.co.kr'. (_ssl.c:1129)"
cherry-love.com,timed out
javqd.com,timed out
onlinewelten.com,[SSL: CERTIFICATE_VERIFY_FAILED] certificate verify failed: certificate has expired (_ssl.c:1129)
spyoncaller.net,timed out
free-tor.org,"[SSL: CERTIFICATE_VERIFY_FAILED] certificate verify failed: Hostname mismatch, certificate is not valid for 'free-tor.org'. (_ssl.c:1129)"
uccard.co.jp,[Errno 11001] getaddrinfo failed
inra.fr,"[SSL: CERTIFICATE_VERIFY_FAILED] certificate verify failed: Hostname mismatch, certificate is not valid for 'inra.fr'. (_ssl.c:1129)"
typewritersvoice.com,timed out
epubit.com.cn,timed out
openu.ac.il,timed out
buycar.cn,"[SSL: CERTIFICATE_VERIFY_FAILED] certificate verify failed: Hostname mismatch, certificate is not valid for 'buycar.cn'. (_ssl.c:1129)"
xrcch.com,[Errno 11001] getaddrinfo failed
fuckthathussy.com,timed out
ign.xn--fiqs8s,"[SSL: CERTIFICATE_VERIFY_FAILED] certificate verify failed: Hostname mismatch, certificate is not valid for 'ign.xn--fiqs8s'. (_ssl.c:1129)"
k12.ia.us,timed out
ecn5.com,[Errno 11002] getaddrinfo failed
baydrama.co,[WinError 10054] 현재 연결은 원격 호스트에 의해 강제로 끊겼습니다
zhibo11.com,timed out
taiwanlottery.com.tw,[Errno 11001] getaddrinfo failed
thenipslip.com,[WinError 10054] 현재 연결은 원격 호스트에 의해 강제로 끊겼습니다
nielit.in,"[SSL: CERTIFICATE_VERIFY_FAILED] certificate verify failed: Hostname mismatch, certificate is not valid for 'nielit.in'. (_ssl.c:1129)"
sbismart.com,[Errno 11001] getaddrinfo failed
qqnz.com,[Errno 11001] getaddrinfo failed
monegle.com,"[SSL: CERTIFICATE_VERIFY_FAILED] certificate verify failed: Hostname mismatch, certificate is not valid for 'monegle.com'. (_ssl.c:1129)"
csis.ir,timed out
luoo.net,"[SSL: CERTIFICATE_VERIFY_FAILED] certificate verify failed: Hostname mismatch, certificate is not valid for 'luoo.net'. (_ssl.c:1129)"
mywebvalet.net,[Errno 11001] getaddrinfo failed
javbest.net,"[SSL: CERTIFICATE_VERIFY_FAILED] certificate verify failed: Hostname mismatch, certificate is not valid for 'javbest.net'. (_ssl.c:1129)"
refolikkj.win,[Errno 11001] getaddrinfo failed
unishivaji.ac.in,timed out
gojiaju.com,[Errno 11001] getaddrinfo failed
watchdbs.xyz,[SSL: CERTIFICATE_VERIFY_FAILED] certificate verify failed: unable to get local issuer certificate (_ssl.c:1129)
imgoutlet.co,[Errno 11001] getaddrinfo failed
rajrmsa.nic.in,[Errno 11001] getaddrinfo failed
tp-linkru.com,timed out
irtextbook.com,timed out
netxinvestor.com,_ssl.c:1112: The handshake operation timed out
salyk.kz,timed out
9lwan.com,[Errno 11001] getaddrinfo failed
pardisgame.net,[Errno 11002] getaddrinfo failed
ff14.co.kr,timed out
meteocentrale.ch,timed out
82fed4c780ef4200.com,[Errno 11001] getaddrinfo failed
snnu.edu.cn,[Errno 11001] getaddrinfo failed
refah-bank.ir,timed out
qqyxwg.com,timed out
web.lk,[Errno 11001] getaddrinfo failed
cnpowdertech.com,[Errno 11001] getaddrinfo failed
38522.com,[Errno 11001] getaddrinfo failed
freepornvs.com,[Errno 11001] getaddrinfo failed
ddl-music.to,[Errno 11001] getaddrinfo failed
flightclub.cn,[SSL: CERTIFICATE_VERIFY_FAILED] certificate verify failed: certificate has expired (_ssl.c:1129)
openrussia.org,[Errno 11001] getaddrinfo failed
lushstories.com,[WinError 10054] 현재 연결은 원격 호스트에 의해 강제로 끊겼습니다
aflink.org,[Errno 11001] getaddrinfo failed
herostart.com,timed out
milf-hot.com,timed out
choice.gov.in,[Errno 11002] getaddrinfo failed
fc2livecn.com,[SSL: CERTIFICATE_VERIFY_FAILED] certificate verify failed: certificate has expired (_ssl.c:1129)
hui9zhe.com,"[SSL: CERTIFICATE_VERIFY_FAILED] certificate verify failed: Hostname mismatch, certificate is not valid for 'hui9zhe.com'. (_ssl.c:1129)"
mypot.jp,[Errno 11001] getaddrinfo failed
2-d.jp,[Errno 11001] getaddrinfo failed
gamekana.com,[SSL: CERTIFICATE_VERIFY_FAILED] certificate verify failed: self signed certificate (_ssl.c:1129)
alcatel-lucent.com,timed out
advshrtnr.org,[Errno 11001] getaddrinfo failed
cupl.edu.cn,[Errno 11001] getaddrinfo failed
previously.tv,timed out
nsbu.co.kr,timed out
tci-khorasan.ir,[Errno 11001] getaddrinfo failed
trkpointcloud.com,[Errno 11001] getaddrinfo failed
big.or.jp,[Errno 11001] getaddrinfo failed
monster-strike.com,timed out
pamfleti.com,[SSL: CERTIFICATE_VERIFY_FAILED] certificate verify failed: unable to get local issuer certificate (_ssl.c:1129)
hdporncomics.com,[WinError 10054] 현재 연결은 원격 호스트에 의해 강제로 끊겼습니다
kurumachannel.com,[SSL: CERTIFICATE_VERIFY_FAILED] certificate verify failed: self signed certificate (_ssl.c:1129)
prixclub.com,"[SSL: CERTIFICATE_VERIFY_FAILED] certificate verify failed: Hostname mismatch, certificate is not valid for 'prixclub.com'. (_ssl.c:1129)"
frtyk.com,[Errno 11001] getaddrinfo failed
megastudy.net,[WinError 10054] 현재 연결은 원격 호스트에 의해 강제로 끊겼습니다
agoraguenta.com,[Errno 11001] getaddrinfo failed
lolhardonline.com,[Errno 11001] getaddrinfo failed
tubelombia.net,timed out
pefilme.com,[SSL: CERTIFICATE_VERIFY_FAILED] certificate verify failed: unable to get local issuer certificate (_ssl.c:1129)
anextour.ru,[Errno 11001] getaddrinfo failed
topreplay.net,timed out
tsrtconline.in,timed out
cagukan.com,[Errno 11001] getaddrinfo failed
haoche18.com,timed out
flipagram.com,[SSL: WRONG_VERSION_NUMBER] wrong version number (_ssl.c:1129)
onlydudes.com,[SSL: WRONG_VERSION_NUMBER] wrong version number (_ssl.c:1129)
hvgbook.net,[SSL: CERTIFICATE_VERIFY_FAILED] certificate verify failed: self signed certificate (_ssl.c:1129)
ecryptosource.com,"[SSL: CERTIFICATE_VERIFY_FAILED] certificate verify failed: Hostname mismatch, certificate is not valid for 'ecryptosource.com'. (_ssl.c:1129)"
pu.edu.pk,[SSL: CERTIFICATE_VERIFY_FAILED] certificate verify failed: self signed certificate (_ssl.c:1129)
sse.com.cn,timed out
mmosite.com,"[SSL: CERTIFICATE_VERIFY_FAILED] certificate verify failed: Hostname mismatch, certificate is not valid for 'mmosite.com'. (_ssl.c:1129)"
grooby.com,[WinError 10054] 현재 연결은 원격 호스트에 의해 강제로 끊겼습니다
htforum.com,timed out
presco.com.tw,[Errno 11001] getaddrinfo failed
python-requests.org,[Errno 11001] getaddrinfo failed
catererglobal.com,[SSL: CERTIFICATE_VERIFY_FAILED] certificate verify failed: unable to get local issuer certificate (_ssl.c:1129)
marines.mil,[Errno 11001] getaddrinfo failed
lausd.net,timed out
tvpelis.net,timed out
we7.cc,[SSL: TLSV1_ALERT_INTERNAL_ERROR] tlsv1 alert internal error (_ssl.c:1129)
nofreezingmac.work,[Errno 11001] getaddrinfo failed
fuckhardporn.com,[WinError 10054] 현재 연결은 원격 호스트에 의해 강제로 끊겼습니다
bytedance.net,timed out
sucksex.com,[WinError 10054] 현재 연결은 원격 호스트에 의해 강제로 끊겼습니다
doud.pw,[Errno 11001] getaddrinfo failed
contextotucuman.com,[SSL: CERTIFICATE_VERIFY_FAILED] certificate verify failed: certificate has expired (_ssl.c:1129)
adsrv4k.com,[SSL: CERTIFICATE_VERIFY_FAILED] certificate verify failed: certificate has expired (_ssl.c:1129)
usabit.com,[SSL: CERTIFICATE_VERIFY_FAILED] certificate verify failed: unable to get local issuer certificate (_ssl.c:1129)
masadora.net,[SSL: CERTIFICATE_VERIFY_FAILED] certificate verify failed: certificate has expired (_ssl.c:1129)
pornoente.tv,[WinError 10054] 현재 연결은 원격 호스트에 의해 강제로 끊겼습니다
pussl15.com,[Errno 11001] getaddrinfo failed
thesafeandalwaysready2upgrade.stream,[Errno 11001] getaddrinfo failed
amorenlinea.com,[Errno 11002] getaddrinfo failed
katd.gdn,[Errno 11001] getaddrinfo failed
7hot.tv,[Errno 11001] getaddrinfo failed
dunro.com,[Errno 11002] getaddrinfo failed
grenet.fr,[Errno 11001] getaddrinfo failed
zmovie.se,[SSL: CERTIFICATE_VERIFY_FAILED] certificate verify failed: unable to get local issuer certificate (_ssl.c:1129)
nekonime.com,[Errno 11001] getaddrinfo failed
bfanetempresas.ao,[Errno 11001] getaddrinfo failed
uriminzokkiri.com,timed out
customs.go.jp,[Errno 11001] getaddrinfo failed
investmentguruindia.com,[SSL: CERTIFICATE_VERIFY_FAILED] certificate verify failed: unable to get local issuer certificate (_ssl.c:1129)
accesstrade.ne.jp,"[SSL: CERTIFICATE_VERIFY_FAILED] certificate verify failed: Hostname mismatch, certificate is not valid for 'accesstrade.ne.jp'. (_ssl.c:1129)"
ados.fr,timed out
kattobi-japan.com,timed out
temaretik.com,timed out
k-img.com,[Errno 11001] getaddrinfo failed
podsexlive.com,[Errno 11001] getaddrinfo failed
wboo.net,_ssl.c:1112: The handshake operation timed out
19bam.com,timed out
prosperworks.com,"[SSL: CERTIFICATE_VERIFY_FAILED] certificate verify failed: Hostname mismatch, certificate is not valid for 'prosperworks.com'. (_ssl.c:1129)"
smitehighlight.com,[Errno 11001] getaddrinfo failed
mts.ua,[Errno 11001] getaddrinfo failed
showdrama.com,timed out
fx168.com,[Errno 11001] getaddrinfo failed
aumall.jp,timed out
teentube.pro,[WinError 10054] 현재 연결은 원격 호스트에 의해 강제로 끊겼습니다
aisixiang.com,timed out
ddfbusty.com,[WinError 10054] 현재 연결은 원격 호스트에 의해 강제로 끊겼습니다
infn.it,"[SSL: CERTIFICATE_VERIFY_FAILED] certificate verify failed: Hostname mismatch, certificate is not valid for 'infn.it'. (_ssl.c:1129)"
megaboxfilmesonline.com,timed out
tongbu.com,timed out
alloyteam.com,[SSL: CERTIFICATE_VERIFY_FAILED] certificate verify failed: certificate has expired (_ssl.c:1129)
bancoinbursa.com,[Errno 11001] getaddrinfo failed
watchonline.tube,[Errno 11001] getaddrinfo failed
bcoder.cn,[Errno 11001] getaddrinfo failed
ehow.com.br,"[SSL: CERTIFICATE_VERIFY_FAILED] certificate verify failed: Hostname mismatch, certificate is not valid for 'ehow.com.br'. (_ssl.c:1129)"
kao.com,timed out
gdajie.com,timed out
baf3667dbc6a0bc21e0.com,[Errno 11001] getaddrinfo failed
