url,netname
https://google.com,GOOGLE
https://youtube.com,GOOGLE
https://facebook.com,THEFA-3
https://wikipedia.org,WIKIMEDIA-AP
https://yahoo.com,INKTOMI-BLK-6
https://google.co.in,GOOGLE
https://reddit.com,SKYCA-3
https://qq.com,TENCENT-NET-AP
https://amazon.com,AT-88-Z
https://taobao.com,ALIBABA-CN-NET
https://twitter.com,TWITTER-NETWORK
https://tmall.com,ALIBABA-CN-NET
https://google.co.jp,GOOGLE
https://live.com,ECN-NETWORK
https://vk.com,VKONTAKTE-FRONT
https://instagram.com,THEFA-3
https://sohu.com,WEF
https://sina.com.cn,SINA
https://jd.com,CHINANET-BJ
https://weibo.com,SINA
https://360.cn,CHINANET-HA
https://google.de,GOOGLE
https://google.co.uk,GOOGLE
https://linkedin.com,MSFT
https://google.com.br,GOOGLE
https://list.tmall.com,ALIBABA-CN-NET
https://google.fr,GOOGLE
https://google.ru,GOOGLE
https://yandex.ru,YANDEX-77-88-55
https://netflix.com,AMAZO-ZPDX
https://google.com.hk,GOOGLE
https://yahoo.co.jp,YAHOO-NET
https://google.it,GOOGLE
https://t.co,TWITTER-NETWORK
https://ebay.com,EBAY-2
https://google.es,GOOGLE
https://imgur.com,SKYCA-3
https://bing.com,MSFT
https://msn.com,ECN-NETWORK
https://onclkds.com,networkclaim-com
https://twitch.tv,SKYCA-3
https://google.com.mx,GOOGLE
https://google.ca,GOOGLE
https://tumblr.com,AUTOMATTIC
https://gmw.cn,ALISOFT
https://livejasmin.com,JWE
https://mail.ru,VK-FRONT
https://microsoft.com,MSFT
https://ok.ru,ODNOKLASSNIKI-FRONT
https://aliexpress.com,AL-3
https://wordpress.com,AUTOMATTIC
https://stackoverflow.com,CLOUDFLARENET
https://imdb.com,AT-88-Z
https://github.com,MSFT
https://amazon.co.jp,AT-88-Z
https://blogspot.com,GOOGLE
https://pinterest.com,SKYCA-3
https://csdn.net,HWCSNET
https://wikia.com,SKYCA-3
https://apple.com,APPLE-WWNET
https://google.com.tr,GOOGLE
https://popads.net,TUT-NET-2
https://youth.cn,KORNET-KR
https://office.com,MSFT
https://bongacams.com,CZ-LOTUNA-19970206
https://paypal.com,PAYPAL-SITE
https://google.com.tw,GOOGLE
https://google.com.au,GOOGLE
https://whatsapp.com,THEFA-3
https://google.pl,GOOGLE
https://xhamster.com,CLOUDFLARENET
https://detail.tmall.com,NBZYC-LTD
https://diply.com,FLYIO
https://google.co.id,GOOGLE
https://adobe.com,AKAMAI
https://coccoc.com,VNPT-VN
https://craigslist.org,CRAIGS-NET-1
https://nicovideo.jp,JPNIC-NET-JP-ERX
https://dropbox.com,DROPB
https://amazon.de,AT-88-Z
https://google.com.ar,GOOGLE
https://amazon.in,AMAZON-2011L
https://googleusercontent.com,GOOGLE
https://google.com.pk,GOOGLE
https://booking.com,AMAZO-CF
https://thepiratebay.org,CLOUDFLARENET
https://google.co.th,GOOGLE
https://pixnet.net,PIXNET-NET
https://google.com.eg,GOOGLE
https://china.com,CHINANET-HB
https://bbc.co.uk,SKYCA-3
https://google.com.sa,GOOGLE
https://savefrom.net,CLOUDFLARENET
https://amazon.co.uk,AMAZON-2011L
https://bbc.com,SKYCA-3
https://fc2.com,SJ-V403
https://mozilla.org,AMAZO-ZPDX
https://rakuten.co.jp,RAKUTEN-NET
https://uptodown.com,AKAMAI
https://cnn.com,SKYCA-3
https://so.com,CTA-104-192-110-0-24
https://soundcloud.com,AMAZO-CF
https://google.com.ua,GOOGLE
https://quora.com,AT-88-Z
https://ask.com,SKYCA-3
https://clicksgear.com,ADVANCEDHOSTERS-NET
https://google.nl,GOOGLE
https://nytimes.com,SKYCA-3
https://naver.com,NBP-NET-KR
https://ettoday.net,SONET-NET
https://adf.ly,CLOUDFLARENET
https://dailymotion.com,DAILYMOTION-200610
https://google.co.za,GOOGLE
https://steamcommunity.com,AKAMAI
https://google.co.ve,GOOGLE
https://salesforce.com,AKAMAI
https://espn.com,AMAZO-CF
https://fbcdn.net,THEFA-3
https://stackexchange.com,CLOUDFLARENET
https://blogger.com,GOOGLE
https://chase.com,JMC
https://google.co.kr,GOOGLE
https://ebay.de,EBAY
https://vimeo.com,CLOUDFLARENET
https://vice.com,AMAZON
https://theguardian.com,SKYCA-3
https://blastingnews.com,K-S175-STARDATASRL
https://tribunnews.com,AMAZO-CF
https://steampowered.com,AKAMAI
https://chaturbate.com,CLOUDFLARENET
https://ebay.co.uk,EBAY-2
https://detik.com,DETIK-ID-DTK-1-DC2
https://google.gr,GOOGLE
https://google.com.vn,GOOGLE
https://buzzfeed.com,AMAZO-ZL4
https://indeed.com,CLOUDFLARENET
https://dailymail.co.uk,AKAMAI
https://mediafire.com,CLOUDFLARENET
https://avito.ru,AVITO-NET
https://cnet.com,GOOGL-2
https://google.com.sg,GOOGLE
https://globo.com,142403
https://spotify.com,GOOGLE-CLOUD
https://flipkart.com,FK-NET-IN
https://ladbible.com,CLOUDFLARENET
https://google.com.ph,GOOGLE
https://google.com.co,GOOGLE
https://popcash.net,CLOUDFLARENET
https://google.be,GOOGLE
https://google.se,GOOGLE
https://deviantart.com,AMAZO-ZL4
https://zhihu.com,HIDDOS
https://google.cn,GOOGLE
https://roblox.com,RC-376
https://github.io,US-GITHUB-20170413
https://walmart.com,AIBV
https://google.az,GOOGLE
https://douyu.com,ACEVILLEPTELTD-SG
https://uol.com.br,31438
https://force.com,AKAMAI
https://slideshare.net,SKYCA-3
https://wikihow.com,SKYCA-3
https://yelp.com,FASTLY
https://daikynguyenvn.com,CLOUDFLARENET
https://w3schools.com,AMAZO-4
https://washingtonpost.com,AKAMAI
https://pinimg.com,SKYCA-3
https://godaddy.com,GO-DADDY-COM-LLC
https://etsy.com,SKYCA-3
https://rambler.ru,RAMBLER
https://alibaba.com,AL-3
https://sogou.com,TencentCloud
https://nih.gov,NIHNET-3
https://google.at,GOOGLE
https://softonic.com,GOOGLE-CLOUD
https://babytree.com,ALISOFT
https://google.com.ng,GOOGLE
https://iwanttodeliver.com,US-SERVERSTACK-20150218
https://9gag.com,CLOUDFLARENET
https://slack.com,AMAZON-NRT
https://google.com.pe,GOOGLE
https://bankofamerica.com,BOFA-2Z-159
https://mercadolivre.com.br,AT-88-Z
https://4chan.org,CLOUDFLARENET
https://google.ro,GOOGLE
https://thestartmagazine.com,SKYCA-3
https://google.cz,GOOGLE
https://redd.it,SKYCA-3
https://google.ch,GOOGLE
https://tripadvisor.com,SKYCA-3
https://bet365.com,UK-HILLSIDENEWMEDIA-20120911
https://amazon.fr,AT-88-Z
https://performanceadexchange.com,CLOUDFLARENET
https://metropcs.mobi,AMAZO-CF
https://discordapp.com,CLOUDFLARENET
https://google.cl,GOOGLE
https://wellsfargo.com,AKAMAI
https://trello.com,AMAZO-CF
https://amazon.it,AT-88-Z
https://indiatimes.com,AKAMAI
https://battle.net,BLIZZARD
https://google.pt,GOOGLE
https://zillow.com,AMAZON-CF
https://1688.com,Taobao
https://google.co.ao,GOOGLE
https://messenger.com,THEFA-3
https://thewhizmarketing.com,B2-NET-SOLUTIONS
https://google.no,GOOGLE
https://gamepedia.com,SKYCA-3
https://forbes.com,SKYCA-3
https://yts.ag,CLOUDFLARENET
https://tokopedia.com,ALICLOUD-SG
https://google.ae,GOOGLE
https://abs-cbn.com,KORNET-KR
https://youm7.com,CLOUDFLARENET
https://pipeschannels.com,networkclaim-com
https://weather.com,AKAMAI
https://outbrain.com,OB-NA1
https://ameblo.jp,SKYCA-3
https://ikea.com,AKAMAI
https://spotscenered.info,CLOUDFLARENET
https://kakaku.com,KAKAKUCOM
https://trackmedia101.com,TRELLIAN-AU
https://mega.nz,MEGA-LIMITED-LU
https://39.net,SHANZEN--1
https://bilibili.com,ALICLOUD
https://google.dz,GOOGLE
https://huffingtonpost.com,AMAZO-CF
https://speedtest.net,SKYCA-3
https://livejournal.com,RU-RAMBLER-20020128
https://reimageplus.com,RACKS-8
https://google.ie,GOOGLE
https://adexchangeprediction.com,CLOUDFLARENET
https://hotstar.com,AMAZO-ZL4
https://wetransfer.com,AMAZO-CF
https://ign.com,SKYCA-3
https://doubleclick.net,GOOGLE
https://google.hu,GOOGLE
https://irctc.co.in,CRIS-ND-21-IN
https://foxnews.com,AKAMAI
https://aol.com,AT-88-Z
https://sharepoint.com,MSFT
https://google.co.il,GOOGLE
https://archive.org,INTERNET-ARCHIVE-1
https://airbnb.com,AMAZON
https://allegro.pl,ALLEGRO-NET
https://bestbuy.com,AKAMAI
https://amazon.cn,SINNET
https://ltn.com.tw,NCICNET-NET
https://huanqiu.com,ACEVILLEPTELTD-SG
https://leboncoin.fr,AMAZO-ZL4
https://google.dk,GOOGLE
https://cnblogs.com,ALISOFT
https://files.wordpress.com,AUTOMATTIC
https://bitauto.com,HWCSNET
https://dingit.tv,CLOUDFLARENET
https://codeonclick.com,CLOUDFLARENET
https://feedly.com,CLOUDFLARENET
https://amazon.es,AT-88-Z
https://freepik.com,GOOGLE-CLOUD
https://shutterstock.com,AMAZO-4
https://wikimedia.org,WIKIMEDIA-AP
https://google.fi,GOOGLE
https://huaban.com,ALISOFT
https://skype.com,MSFT
https://caijing.com.cn,LTEL
https://ebay-kleinanzeigen.de,AMAZON-FRA
https://businessinsider.com,SKYCA-3
https://breitbart.com,GOOGL-2
https://liputan6.com,GOOGLE-CLOUD
https://kinopoisk.ru,YANDEX-213-180-199
https://onlinevideoconverter.com,EDNS
https://wordreference.com,RL-323
https://kompas.com,AMAZO-ZL4
https://chinadaily.com.cn,CMNET
https://giphy.com,SKYCA-3
https://blogspot.com.br,GOOGLE
https://zippyshare.com,OVH-DEDICATED
https://rutracker.org,CLOUDFLARENET
https://flickr.com,AMAZO-CF
https://blogspot.in,GOOGLE
https://fmovies.is,SEDO-NET2
https://genius.com,CLOUDFLARENET
https://subject.tmall.com,AL-3
https://2ch.net,CLOUDFLARENET
https://tfetimes.com,SUCURI-ARIN-002
https://espncricinfo.com,AT-88-Z
https://mediawhirl.net,CLOUDFLARENET
https://gamefaqs.com,SKYCA-3
https://sourceforge.net,CLOUDFLARENET
https://scribd.com,SKYCA-3
https://telegram.org,Telegram_Messenger_Network
https://researchgate.net,CLOUDFLARENET
https://gismeteo.ru,RU-MAPMAKERSGROUP-20160118
https://mailchimp.com,AKAMAI
https://accuweather.com,AKAMAI
https://xfinity.com,COMCAST-EX-5
https://aliyun.com,Taobao
https://homedepot.com,GOOGLE-CLOUD
https://sabah.com.tr,TURKUVAZ
https://mmofreegames.online,CLOUDFLARENET
https://eastday.com,SHANGHAI-EASTDAY
https://leagueoflegends.com,AMAZON-ZPDX
https://rumble.com,PNL-50
https://asos.com,AKAMAI
https://varzesh3.com,SHTL-DSL-THR
https://daum.net,DREAMX-KR
https://google.sk,GOOGLE
https://1337x.to,CLOUDFLARENET
https://office365.com,MSFT
https://medium.com,CLOUDFLARENET
https://ouo.io,CLOUDFLARENET
https://hola.com,VZ-62-22-171-0
https://thesaurus.com,SKYCA-3
https://shopify.com,SHOPIFY-NET
https://orange.fr,ORANGE-PORTAILS
https://media.tumblr.com,TUMBLR
https://digikala.com,Digikala-B1
https://rt.com,RU-LLCDDOS-GUARD
https://ndtv.com,AKAMAI
https://livedoor.com,LINE
https://oracle.com,ORACLE-CHIC
https://telegraph.co.uk,AMAZO-CF
https://wordpress.org,SINGLEHOP
https://olx.ua,AMAZON-CF
https://zendesk.com,ZENDESK-NETWORK
https://amazon.ca,AT-88-Z
https://samsung.com,SAMSUNGSDS-KR
https://icloud.com,APPLE-WWNET
https://cricbuzz.com,GOOGLE-CLOUD
https://userapi.com,VKONTAKTE-FRONT
https://goodreads.com,AT-88-Z
https://goo.ne.jp,RESONANT
https://capitalone.com,CAPITALONE-BANK
https://bukalapak.com,INCAPSULA-NET
https://streamable.com,SKYCA-3
https://weebly.com,WEEBLYNET2
https://taboola.com,SKYCA-3
https://hp.com,HP-INTERNET
https://hulu.com,AKAMAI
https://americanexpress.com,AKAMAI
https://google.kz,GOOGLE
https://iqoption.com,CY-IQOPTION-LAN
https://target.com,SKYCA-3
https://usps.com,USPS1
https://kaskus.co.id,IDNIC-KASKUSNETWORKS-ID
https://weevah2.top,DC-Germany
https://subscene.com,CLOUDFLARENET
https://atlassian.net,AMAZON-AS-AP
https://repubblica.it,AMAZON-CF
https://providr.com,NCNET-3
https://onet.pl,AMAZO-CF
https://aparat.com,SABAIDEA-NETWORK
https://ups.com,UPS
https://newstarads.com,networkclaim-com
https://youdao.com,Netease-Network
https://evernote.com,GOOGL-2
https://independent.co.uk,SKYCA-3
https://canva.com,CLOUDFLARENET
https://hatena.ne.jp,AMAZON-NRT
https://rottentomatoes.com,AKAMAI
https://nownews.com,GOOGLE-CLOUD
https://hdfcbank.com,CLOUDFLARENET
https://spiegel.de,DE-L11WEBSP-01
https://elpais.com,AKAMAI
https://ibm.com,AKAMAI
https://yesky.com,HWCSNET
https://boredpanda.com,AT-88-Z
https://udemy.com,CLOUDFLARENET
https://shink.in,TRELLIAN-AU
https://iqiyi.com,UNICOM-BJ
https://asdfz.pro,NET-ALLCOMM
https://duckduckgo.com,MSFT
https://hatenablog.com,AMAZON-NRT
https://sciencedirect.com,CLOUDFLARENET
https://fiverr.com,CLOUDFLARENET
https://wp.pl,WPPL
https://mlb.com,GOOGL-2
https://mercadolibre.com.ar,AT-88-Z
https://go.com,AMAZO-4
https://gyazo.com,GOOGLE-CLOUD
https://naij.com,AKAMAI
https://reverso.net,OVH_260479796
https://ensonhaber.com,CLOUDFLARENET
https://setn.com,AMAZON-NRT
https://patreon.com,CLOUDFLARENET
https://google.com.kw,GOOGLE
https://doublepimpssl.com,CLOUDFLARENET
https://line.me,LINE
https://jrj.com.cn,UNICOM
https://myanimelist.net,AMAZO-CF
https://upwork.com,CLOUDFLARENET
https://intuit.com,AKAMAI
https://nametests.com,CLOUDFLARENET
https://mobileofferplace.site,LSN-DLLSTX-1
https://themeforest.net,CLOUDFLARENET
https://oeeee.com,UNICOM-GDFS
https://dell.com,DELL
https://bloomberg.com,AT-88-Z
https://urbandictionary.com,GOOGL-2
https://behance.net,SKYCA-3
https://fedex.com,FEDEX-2009-BLOCK
https://groupon.com,AKAMAI
https://qiita.com,AMAZON-2011L
https://exoclick.com,BE-OVH
https://box.com,BOX-NET-1
https://scribol.com,CLOUDFLARENET
https://doublepimp.com,ADSUP
https://glassdoor.com,CLOUDFLARENET
https://uidai.gov.in,UIDAI
https://theverge.com,SKYCA-3
https://marca.com,GOOGL-2
https://coinmarketcap.com,AMAZO-CF
https://wix.com,WIXCO
https://slickdeals.net,CLOUDFLARENET
https://baike.com,TEAMSUN
https://rediff.com,AKAMAI
https://google.co.nz,GOOGLE
https://haber7.com,TR-NOKTA-20170322
https://free.fr,FR-PROXAD
https://4dsply.com,CLOUDFLARENET
https://yadi.sk,YANDEX-87-250-250
https://patch.com,SKYCA-3
https://ultimate-guitar.com,CLOUDFLARENET
https://zoho.com,ZOHOC
https://onedio.com,NET-51-79-128-0-1
https://pandora.com,PANDORA-NETBLK-1
https://google.bg,GOOGLE
https://taringa.net,CLOUDFLARENET
https://sportbible.com,CLOUDFLARENET
https://citi.com,CITICORP-C
https://momoshop.com.tw,HINET-NET
https://kickstarter.com,CLOUDFLARENET
https://ebay.it,EBAY
https://icicibank.com,MSFT
https://seznam.cz,SEZNAM-CZ
https://biobiochile.cl,
https://gizmodo.com,SKYCA-3
https://wowhead.com,AMAZO-ZL4
https://manoramaonline.com,AKAMAI
https://t-online.de,AMAZON-DUB
https://lifebuzz.com,CLOUDFLARENET
https://lazada.co.id,AL-3
https://conservativetribune.com,CLOUDFLARENET
https://wattpad.com,AMAZO-CF
https://sahibinden.com,SAHIBINDENBILGI-NET
https://ebay.com.au,EBAY-2
https://pixabay.com,CLOUDFLARENET
https://naukri.com,KORNET-KR
https://launchpage.org,WORLDSTREAM
https://umblr.com,TUMBLR
https://mi.com,ALICLOUD-SG
https://webmd.com,WEBMD-IDC-2
https://goal.com,AMAZON-2011L
https://gamer.com.tw,CLOUDFLARENET
https://gsmarena.com,HOS-120306
https://tutorialspoint.com,DE-HETZNER-19931109
https://siteadvisor.com,AMAZO-ZPDX4
https://billdesk.com,Sifyinfranet
https://libero.it,IT-MATRIX-991115
https://reuters.com,TLR-167-68-0-0-1
https://mercadolibre.com.mx,AMAZO-ZL4
https://poloniex.com,CLOUDFLARENET
https://paytm.com,CLOUDFLARENET
https://olx.pl,AMAZON-CF
https://google.lk,GOOGLE
https://bleacherreport.com,SKYCA-3
https://google.rs,GOOGLE
https://emol.com,
https://pantip.com,SD-SGP-SGP1-SDAGG7A-B-A72
https://pikabu.ru,DDOS-GUARD-NET210
https://expedia.com,AKAMAI
https://filehippo.com,GOOGLE-CLOUD
https://usatoday.com,SKYCA-3
https://nur.kz,PSKZ-HOSTING-73
https://chatwork.com,AMAZO-CF
https://merdeka.com,GOOGL-2
https://xda-developers.com,AT-88-Z
https://pulseonclick.com,CLOUDFLARENET
https://vtv.vn,VNPT-VN
https://humblebundle.com,CLOUDFLARENET
https://instructure.com,SKYCA-3
https://ck101.com,CLOUDFLARENET
https://dictionary.com,SKYCA-3
https://wiktionary.org,WIKIMEDIA-AP
https://tvbs.com.tw,AMAZO-ZL4
https://nike.com,AMAZO-CF
https://uploaded.net,BODIS-A
https://lemonde.fr,SKYCA-3
https://liftable.com,CLOUDFLARENET
https://azlyrics.com,NL-LEASEWEB-20120614
https://google.by,GOOGLE
https://att.com,AMERITECH13
https://givemesport.com,AT-88-Z
https://bild.de,ASVNET
https://albawabhnews.com,CLOUDFLARENET
https://wsj.com,AMAZO-CF2
https://asana.com,AT-88-Z
https://tistory.com,DREAMX-KR
https://souq.com,AMAZON-DUB
https://newegg.com,AIBV
https://mit.edu,AKAMAI
https://kapanlagi.com,GOOGLE-CLOUD
https://coinbase.com,CLOUDFLARENET
https://hubspot.com,CLOUDFLARENET
https://hm.com,AKAMAI
https://104.com.tw,CLOUDFLARENET
https://drom.ru,RU-QRATOR-20140730
https://sabq.org,CLOUDFLARENET
https://pages.tmall.com,AL-3
https://google.com.do,GOOGLE
https://chip.de,AKAMAI
https://asus.com,ASUS-NET
https://wiley.com,UU-63-97-118
https://elmundo.es,GOOGL-2
https://kijiji.ca,GOOGL-2
https://hespress.com,CLOUDFLARENET
https://inquirer.net,CLOUDFLARENET
https://tabelog.com,KAKAKUCOM
https://jabong.com,AIBV
https://lk21.org,CLOUDFLARENET
https://blogspot.mx,GOOGLE
https://hotels.com,AKAMAI
https://engadget.com,AMAZON-SIN
https://banggood.com,CDSC-1
https://thefreedictionary.com,PROFUSE
https://okta.com,AMAZON-IAD
https://4shared.com,NET-204-155-149-0-25
https://npr.org,AMAZO-CF
https://okdiario.com,CLOUDFLARENET
https://ouedkniss.com,SD-GRA-G244-gra2-sdagg28a-b-n93
https://cambridge.org,CLOUDFLARENET
https://kooora.com,CLOUDFLARENET
https://ria.ru,QRATOR-15514
https://dmm.co.jp,AT-88-Z
https://wunderground.com,AKAMAI
https://getpocket.com,AMAZO-CF
https://discogs.com,AMAZO-ZPDX
https://adp.com,ADP-ESNET
https://bandcamp.com,SKYCA-3
https://weblio.jp,WEBLIO-JP
https://as.com,AKAMAI
https://wish.com,AMAZO-ZSFO4
https://51sole.com,ACEVILLEPTELTD-SG
https://animeflv.net,RU-LLCDDOS-GUARD-20161123
https://squarespace.com,SQUARESPACE
https://ctitv.com.tw,GOOGL-2
https://gamespot.com,SKYCA-3
https://olx.com.br,AMAZO-CF
https://xe.com,AMAZON-CF
https://life.tw,CLOUDFLARENET
https://corriere.it,RCS-MEDIAGROUP-WEBFARM
https://techcrunch.com,A-YAHOO-US7
https://verizonwireless.com,VZW-IT
https://youboy.com,CHINANET-GD
https://milliyet.com.tr,DOL
https://jianshu.com,ALICLOUD-US
https://terraclicks.com,AT-88-Z
https://jeuxvideo.com,CLOUDFLARENET
https://webex.com,WEX
https://okcupid.com,CLOUDFLARENET
https://mbc.net,AT-88-Z
https://badoo.com,Public-services-2-mia
https://google.hr,GOOGLE
https://drive2.ru,RU-LLCDDOS-GUARD
https://meetup.com,SKYCA-3
https://nikkei.com,AMAZO-4
https://discuss.com.hk,CLOUDFLARENET
https://chinaz.com,CHINANET-FJ
https://mywatchseries.to,DC-Germany
https://lapatilla.com,CLOUDFLARENET
https://quizlet.com,CLOUDFLARENET
https://blpmovies.com,AMAZO-ZIAD7
https://bitbucket.org,ATLASSIAN-GLOBAL
https://douban.com,TencentCloud
https://mundo.com,AT-88-Z
https://linkshrink.net,CLOUDFLARENET
https://thekitchn.com,SKYCA-3
https://norton.com,MSFT
https://surveymonkey.com,AMAZO-CF
https://springer.com,FASTLY
https://google.com.ly,GOOGLE
https://gamingwonderland.com,GOOGLE-CLOUD
https://blogfa.com,CLOUDFLARENET
https://mercadolibre.com.ve,AT-88-Z
https://lifehacker.com,CLOUDFLARENET
https://fnkyyrgraizy.com,GRANSY
https://thevideo.me,CLOUDFLARENET
https://suning.com,NANJING-YAYUN-NETBAR
https://neobux.com,CLOUDFLARENET
https://brilio.net,GOOGLE-CLOUD
https://coursera.org,AMAZO-CF
https://lowes.com,AIBV
https://eksisozluk.com,CLOUDFLARENET
https://lefigaro.fr,AKAMAI
https://liveadexchanger.com,CLOUDFLARENET
https://ebay.in,EBAY-2
https://drudgereport.com,CLOUDFLARENET
https://kotaku.com,SKYCA-3
https://lenta.ru,GAZETARU
https://blog.jp,LINE
https://ask.fm,ASKFM-NET
https://buyma.com,ENIGMO-NET
https://goo.gl,GOOGLE
https://ccm.net,AKAMAI
https://uptobox.com,CLOUDFLARENET
https://cnbc.com,CCCH3-4
https://prezi.com,AMAZO-4
https://superuser.com,CLOUDFLARENET
https://chaoshi.tmall.com,ALIBABA-CN-NET
https://newtabtv.com,GOOGLE-CUST-108-59-81-128
https://eskimi.com,AMAZO-4
https://google.tn,GOOGLE
https://namnak.com,IR-ASIATECH-DC
https://realtor.com,AMAZO-ZPDX4
https://indoxxi.net,AT-88-Z
https://avg.com,AVAST-COM
https://investopedia.com,SKYCA-3
https://ca.gov,MSFT
https://nypost.com,AUTOMATTIC
https://ntd.tv,CLOUDFLARENET
https://discover.com,AKAMAI
https://rapidgator.net,LT-MELBICOM
https://mirror.co.uk,AMAZON-DUB
https://www.gov.uk,FASTLY
https://infusionsoft.com,CLOUDFLARENET
https://kinokrad.co,CLOUDFLARENET
https://academia.edu,AMAZO-CF
https://voc.com.cn,CMNET
https://cdiscount.com,F5-20200129
https://gomovies.is,SEDO-NET2
https://lenovo.com,AKAMAI
https://nba.com,AT-88-Z
https://gmarket.co.kr,KIDC-KR
https://southwest.com,INAP-DAL006-SWAIRLINES-66-150-1-0
https://dafont.com,SD-RBX
https://crunchyroll.com,CLOUDFLARENET
https://macys.com,AKAMAI
https://moneycontrol.com,AKAMAI
https://sakura.ne.jp,SAKURA-NET
https://subito.it,AKAMAI
https://g2a.com,CLOUDFLARENET
https://grid.id,AT-88-Z
https://kayak.com,SKYCA-3
https://bodybuilding.com,PACKED-NET-32-19
https://urdupoint.com,CLOUDFLARENET
https://udn.com,AKAMAI
https://bitly.com,BITLY
https://secureserver.net,GO-DADDY-COM-LLC
https://divar.ir,IR-CAFEBAZAAR-20160905
https://thesun.co.uk,AUTOMATTIC
https://autodesk.com,AMAZON-IAD
https://winningdealz.com,AMAZO-4
https://vnexpress.net,FPTONLINE-VN
https://trulia.com,AMAZON-CF
https://eventbrite.com,AMAZO-CF
https://fatosdesconhecidos.com.br,CLOUDFLARENET
https://rbc.ru,QRATOR-15307
https://fbsbx.com,THEFA-3
https://unity3d.com,AKAMAI
https://caliente.mx,CLOUDFLARENET
https://howtogeek.com,AMAZON-IAD
https://android.com,GOOGLE
https://snapdeal.com,AMAZO-CF
https://streamcloud.eu,LIQUIDWEB
https://wp.com,AUTOMATTIC
https://ecosia.org,AMAZON-YUL
https://westernjournalism.com,CLOUDFLARENET
https://investing.com,CLOUDFLARENET
https://cisco.com,CISCO-GEN-7
https://interia.pl,INTERIAPL-NET4
https://thebalance.com,AT-88-Z
https://elbalad.news,CLOUDFLARENET
https://elmogaz.com,CLOUDFLARENET
https://commentcamarche.net,CCM-BENCHMARK-GROUP
https://tomshardware.com,SKYCA-3
https://el-nacional.com,CLOUDFLARENET
https://google.com.ec,GOOGLE
https://fidelity.com,AKAMAI
https://4pda.ru,CLOUDFLARENET
https://oschina.net,Baidu
https://express.co.uk,AMAZO-CF
https://viva.co.id,CLOUDFLARENET
https://duolingo.com,AMAZON
https://php.net,DE-MYRASEC-20150121
https://prothom-alo.com,CLOUDFLARENET
https://hamariweb.com,CLOUDFLARENET
https://europa.eu,CECNET5-147-67-class-B
https://jimdo.com,SKYCA-3
https://indianexpress.com,AKAMAI
https://trackingclick.net,TRELLIAN-AU
https://telewebion.com,IR-ASIATECH-DC
https://latimes.com,AMAZO-4
https://how01.com,CLOUDFLARENET
https://techradar.com,SKYCA-3
https://timeanddate.com,RONSEARCH
https://fanpage.gr,CLOUDFLARENET
https://pchome.com.tw,GOOGL-2
https://okezone.com,AMAZO-CF2
https://intel.com,MSFT
https://bhphotovideo.com,CLOUDFLARENET
https://gazetaexpress.com,CLOUDFLARENET
https://uber.com,GOOGL-2
https://disqus.com,SKYCA-3
https://google.lt,GOOGLE
https://kizlarsoruyor.com,CLOUDFLARENET
https://grammarly.com,AMAZON-EC2-8
https://kissasian.com,GO-DADDY-COM-LLC
https://hootsuite.com,AMAZO-CF
https://khanacademy.org,AMAZON-CF
https://qoolquiz.com,CLOUDFLARENET
https://zara.com,AKAMAI
https://pirateproxy.cc,TRELLIAN-AU
https://nordstrom.com,SKYCA-3
https://google.iq,GOOGLE
https://pof.com,CLOUDFLARENET
https://ebay.fr,EBAY-2
https://mobile01.com,GOOGL-2
https://zing.vn,Boom-net
https://lifewire.com,SKYCA-3
https://instructables.com,SKYCA-3
https://wykop.pl,SD-WAW-waw1-sdagg26a-b-n93
https://kinoprofi.org,LIQUIDWEB
https://deviantart.net,AT-88-Z
https://blogspot.jp,GOOGLE
https://jw.org,AKAMAI
https://gazeta.pl,GWNET
https://thehill.com,SKYCA-3
https://google.com.mm,GOOGLE
https://fromdoctopdf.com,GOOGLE-CLOUD
https://hts68934.com,SL-892
https://prnt.sc,CLOUDFLARENET
https://olx.in,AMAZON-IAD
https://faithtap.com,CLOUDFLARENET
https://mobile.de,AMAZO-CF2
https://yenisafak.com,MSFT
https://gongchang.com,TENCENT-CN
https://time.com,AMAZO-CF
https://yaplakal.com,CLOUDFLARENET
https://y8.com,DIGITALOCEAN-157-230-0-0
https://solarmoviez.to,LIMESTONE-NETWORKS
https://58.com,TencentCloud
https://allrecipes.com,SKYCA-3
https://sinoptik.ua,FWDCDN-212NET76
https://eyny.com,LU-79
https://donga.com,DONGA-NET-KR
https://sapo.pt,PT-TELEPAC-19991224
https://merriam-webster.com,AMAZO-CF2
https://python.org,SKYCA-3
https://sarkariresult.com,AMAZO-CF
https://popmyads.com,CLOUDFLARENET
https://cam4.com,NET-217-22-16-0-2
https://usnews.com,AKAMAI
https://stanford.edu,NETBLK-SUNET
https://sporx.com,GOOGLE-CLOUD
https://sh.st,CLOUDFLARENET
https://askubuntu.com,CLOUDFLARENET
https://cbsnews.com,SKYCA-3
https://mangafox.me,CLOUDFLARENET
https://myntra.com,AKAMAI
https://cqnews.net,CHINANET-CQ
https://tebyan.net,IR-TEBYAN-20141121
https://dailypakistan.com.pk,DE-HETZNER-20010209
https://ukr.net,GOOGLE-CLOUD
https://issuu.com,SKYCA-3
https://adnetworkperformance.com,CLOUDFLARENET
https://state.gov,AT-88-Z
https://justdial.com,AKAMAI
https://sputniknews.com,ROSSIYA-SEGODNYA
https://myfitnesspal.com,CLOUDFLARENET
https://ticketmaster.com,SKYCA-3
https://bittrex.com,CLOUDFLARENET
https://zoom.us,ZVC
https://xbox.com,MSFT
https://google.com.gt,GOOGLE
https://comicbook.com,SKYCA-3
https://asahi.com,AKAMAI
https://codepen.io,CLOUDFLARENET
https://makemytrip.com,AT-88-Z
https://metropoles.com,199127
https://sugklonistiko.gr,CLOUD-NBG1
https://idnes.cz,MAFRA-MEDIA-CZ
https://nature.com,FASTLY
https://dianping.com,SKYUNNET
https://nikkeibp.co.jp,NIKKEIBP-DMC
https://dict.cc,DICTCC-GMBH
https://redfin.com,AMAZO-CF
https://costco.com,AKAMAI
https://nbcnews.com,AT-88-Z
https://agoda.com,AGODA-AS-AP
https://lazada.com.my,AL-3
https://allocine.fr,FR-WEBEDIA-20180505
https://usaa.com,AKAMAI
https://admarketplace.net,AKAMAI
https://strava.com,AMAZON-IAD
https://world.tmall.com,AL-3
https://prpops.com,SSL-65
https://qingdaonews.com,METEVERSE-NETWORKS
https://plarium.com,CLOUDFLARENET
https://tellonym.de,CLOUDFLARENET
https://idntimes.com,AMAZO-CF
https://google.si,GOOGLE
https://op.gg,AMAZO-CF2
https://airtel.in,BIMP-4179367-NOIDA
https://food.tmall.com,AL-3
https://mashable.com,CLOUDFLARENET
https://ruten.com.tw,TFN-NET
https://zomato.com,AMAZON-SIN
https://clipconverter.cc,PCI-DE1
https://andhrajyothy.com,AMAZON-2011L
https://labanquepostale.fr,LBR-WP
https://chron.com,RSCP-NET-4
https://zapmeta.ws,NL-LEASEWEB-20030512
https://politico.com,AMAZON-IAD
https://cbc.ca,AKAMAI
https://gutefrage.net,AMAZO-ZFRA
https://href.li,AUTOMATTIC
https://torrentproject.se,TRELLIAN-AU
https://visualstudio.com,MSFT
https://uzone.id,TLKM_NASIONAL_ASTINET_CUSTOMER_36_66
https://focus.de,AKAMAI
https://google.tm,GOOGLE
https://united.com,AKAMAI
https://segmentfault.com,ALISOFT
https://welt.de,BOREUS-NET
https://yandex.com.tr,YANDEX-87-250-255
https://likemag.com,Stroeer_Media_Brands_AG-NET-03
https://primevideo.com,AMAZO-CF
https://torrent9.cc,LIQUIDWEB
https://turbobit.net,ServerionBV
https://chouftv.ma,CLOUDFLARENET
https://freejobalert.com,CLOUDFLARENET
https://gazzetta.it,GOOGL-2
https://lazada.com.ph,AL-3
https://worldstarhiphop.com,SKYCA-3
https://java.com,AKAMAI
https://ero-advertising.com,NET-217-22-18-0-1
https://liveinternet.ru,RAXRU-NET2
https://awesomeforyou.club,TRELLIAN-AU
https://dostor.org,CLOUDFLARENET
https://vetogate.com,CLOUDFLARENET
https://secure-surf.net,FDCSERVERS-AMSTERDAM
https://11st.co.kr,SK-TELECOM-NET-KR
https://dribbble.com,EDGECAST-NETBLK-08
https://webtretho.com,VNPT-VN
https://tomsguide.com,SKYCA-3
https://lun.com,
https://bookmyshow.com,CLOUDFLARENET
https://ancestry.com,CLOUDFLARENET
https://ea.com,AKAMAI
https://artstation.com,CLOUDFLARENET
https://livestrong.com,AKAMAI
https://wayfair.com,SKYCA-3
https://theatlantic.com,SKYCA-3
https://apache.org,SKYCA-3
https://liveleak.com,TECHIEMEDIA
https://skysports.com,BSKYB-BROADBAND
https://polygon.com,SKYCA-3
https://cimaclub.com,AT-88-Z
https://td.com,AKAMAI
https://pcgamer.com,SKYCA-3
https://internetdownloadmanager.com,SOFTLAYER-RIPE-4-30-31
https://lazada.co.th,AL-3
https://dmv.org,AMAZON-IAD
https://elvenar.com,INNOGAMES-NET
https://bhaskar.com,AMAZON-BOM
https://avira.com,AMAZO-ZFRA
https://photobucket.com,AMAZON-CF
https://pastebin.com,CLOUDFLARENET
https://namasha.com,IR-ASIATECH-DC
https://aa.com,AIBV
https://google.com.af,GOOGLE
https://n11.com,Dogus-Planet-Elektronik-Ticaret-ve-Bilisim-Hizm-AS
https://yjc.ir,IRANSAMANEH
https://vesti.ru,QRATOR-15180
https://avast.com,AKAMAI
https://hepsiburada.com,TR-TELEKOM-20040920
https://almasryalyoum.com,CLOUDFLARENET
https://elfagr.org,CLOUDFLARENET
https://eol.cn,BJR-CERNET
https://elwatannews.com,CLOUDFLARENET
https://yandex.kz,YANDEX-5-45-213
https://itmedia.co.jp,AMAZON-NRT
https://alwafd.org,CLOUDFLARENET
https://usbank.com,US-BANCORP-EXTERNAL
https://dream.co.id,GOOGL-2
https://creditkarma.com,AKAMAI
https://gmanetwork.com,AMAZON-SIN
https://teepr.com,CLOUDFLARENET
https://ipetgroup.com,CLOUDFLARENET
https://mileroticos.com,CLOUDFLARENET
https://mynavi.jp,AMAZO-CF
https://kknews.cc,CLOUDFLARENET
https://rightmove.co.uk,UK-RIGHTMOVE-20170913
https://tmz.com,AMAZO-CF
https://adme.ru,DE-HETZNER-2010117
https://familydoctor.com.cn,UNICOM-LN
https://abcnews.go.com,AMAZO-CF
https://icy-veins.com,CLOUDFLARENET
https://google.com.my,GOOGLE
https://dcard.tw,CLOUDFLARENET
https://1tv.ru,QRATOR-12040
https://alodokter.com,AKAMAI
https://wuxiaworld.com,CLOUDFLARENET
https://dawn.com,CLOUDFLARENET
https://nextdoor.com,AMAZON-CF
https://harvard.edu,SKYCA-3
https://dumedia.ru,CLOUDFLARENET
https://deezer.com,AMAZO-ZL4
https://debate.com.mx,CLOUDFLARENET
https://repelis.tv,TRELLIAN-AU
https://sanjesh.org,ANYCAST_185-143-233-0_24
https://biblegateway.com,AMAZO-ZL4
https://nasa.gov,AMAZON-IAD
https://cbssports.com,SKYCA-3
https://thewhizmarket.co,VELIANET-US-COGINIHONGKONGLIMITED
https://knowyourmeme.com,208-115-103-32-27-WOWRACKSUPPORTACTIVE
https://pexels.com,CLOUDFLARENET
https://chess.com,GOOGL-2
https://news.com.au,AKAMAI
https://hh.ru,HEADHUNTER-NET
https://nmisr.com,CLOUDFLARENET
https://smallpdf.com,AMAZO-CF
https://pcmag.com,CLOUDFLARENET
https://seesaa.net,AMAZO-CF
https://wired.com,SKYCA-3
https://fishki.net,CLOUDFLARENET
https://ted.com,AMAZON-IAD
https://india.com,AKAMAI
https://mobafire.com,CLOUDFLARENET
https://gumtree.com,GOOGL-2
https://translationbuddy.com,GOOGLE-CLOUD
https://movie2free.com,CLOUDFLARENET
https://socialblade.com,CLOUDFLARENET
https://thepennyhoarder.com,CLOUDFLARENET
https://rutube.ru,QRATOR-13678
https://abril.com.br,AUTOMATTIC
https://zhaopin.com,ALISOFT
https://oneindia.com,CLOUDFLARENET
https://ebc.net.tw,AMAZO-ZL4
https://gap.com,AKAMAI
https://tim.it,AMAZON-MXP
https://blogspot.fr,GOOGLE
https://w3school.com.cn,ALISOFT
https://istockphoto.com,AMAZO-CF
https://infobae.com,AKAMAI
https://extratorrent.ag,TRELLIAN-AU
https://francetvinfo.fr,FR-FTVEN-20191004
https://att.net,AMERITECH13
https://auction.co.kr,KORNET-KR
https://tilestwra.com,CLOUDFLARENET
https://wetter.com,AMAZON-DUB
https://sfr.fr,SFR-GPRS
https://wenxuecity.com,GOOGLE-CLOUD
https://edx.org,AMAZO-ZL4
https://kohls.com,AKAMAI
https://ifeng.com,TENCENT-CN
https://blogspot.tw,GOOGLE
https://readms.net,TRELLIAN-AU
https://ebay.ca,EBAY
https://b2b.cn,CU-CDC
https://sfgate.com,RSCP-NET-4
https://watchfree.to,SEDO-NET2
https://ebates.com,EBATE-2
https://metro.co.uk,AUTOMATTIC
https://argaam.com,AMAZON-DUB
https://searchalgo.com,CLOUDFLARENET
https://jumia.com.ng,CLOUDFLARENET
https://eroterest.net,AT-88-Z
https://twoo.com,AMAZON-CDG
https://myanmarload.com,CLOUDFLARENET
https://aljazeera.net,EC2-ARN
https://rozetka.com.ua,CLOUDFLARENET
https://dhgate.com,AKAMAI
https://123rf.com,AMAZO-ZL4
https://slate.com,SKYCA-3
https://skyscanner.net,AMAZO-4
https://gosuslugi.ru,RU-RTK-20000224
https://filmweb.pl,EFIGENCE-NET
https://cookpad.com,SKYCA-3
https://tripadvisor.co.uk,SKYCA-3
https://opensubtitles.org,CLOUDFLARENET
https://onclickads.net,networkclaim-com
https://bomb01.com,CLOUDFLARENET
https://change.org,CLOUDFLARENET
https://gazeta.ru,GAZETARU
https://fotostrana.ru,RU-LLCDDOS-GUARD
https://1fichier.com,DSTORAGE
https://icims.com,AMAZON-IAD
https://pole-emploi.fr,FR-PEP-20200907
https://ebay.es,EBAY-2
https://kinozal.tv,CLOUDFLARENET
https://utorrent.com,QUADRANET
https://nanoadexchange.com,CLOUDFLARENET
https://bs.to,IQWEB-LLC-NET
https://basecamp.com,37SIGNALS-CHI
https://miui.com,CHINA-21VIANET
https://lequipe.fr,GOOGLE-CLOUD
https://onclickmax.com,CLOUDFLARENET
https://wowkeren.com,CLOUDFLARENET
https://xing.com,NWRK-NET
https://v2ex.com,CLOUDFLARENET
https://poste.it,MSFT
https://usenet.nl,CLOUDFLARENET
https://thehindu.com,CLOUDFLARENET
https://blogspot.com.ar,GOOGLE
https://bintang.com,GOOGLE-CLOUD
https://clixsense.com,CLOUDFLARENET
https://ameba.jp,CYBERAGENT
https://retailmenot.com,CLOUDFLARENET
https://ficbook.net,CLOUDFLARENET
https://bola.net,GOOGLE-CLOUD
https://eztv.ag,CLOUDFLARENET
https://makeuseof.com,AMAZON
https://nairaland.com,CLOUDFLARENET
https://mynet.com,TR-MYNET-991125
https://people.com,SKYCA-3
https://milanuncios.com,AMAZON-CF
https://weather.gov,AKAMAI
https://kp.ru,RU-EDGECENTER-20090202
https://voirfilms.info,TRELLIAN-AU
https://deadspin.com,SKYCA-3
https://adbooth.com,CLOUDFLARENET
https://lynda.com,LINKEDIN
https://easypdfcombine.com,GOOGLE-CLOUD
https://suara.com,CLOUDFLARENET
https://meteofrance.com,FR-ANTEMETA-20150203
https://americanas.com.br,AT-88-Z
https://codecanyon.net,CLOUDFLARENET
https://gamestop.com,AMAZON-IAD
https://brightside.me,CLOUD-FSN1
https://reclameaqui.com.br,AKAMAI
https://abc.net.au,AKAMAI
https://npmjs.com,CLOUDFLARENET
https://4399.com,TENCENT-CN
https://uniqlo.tmall.com,AL-3
https://gumtree.com.au,GOOGL-2
https://vg.no,NO-SPT
https://zappos.com,AMAZO-ZPDX
https://zougla.gr,DE-HETZNER-19911216
https://novinky.cz,SEZNAM-CZ
https://furaffinity.net,CLOUDFLARENET
https://audible.com,AMAZON-2011L
https://blogspot.com.eg,GOOGLE
https://alc.co.jp,AMAZO-CF
https://google.com.pr,GOOGLE
https://priceline.com,SKYCA-3
https://zf.fm,CLOUDFLARENET
https://teamviewer.com,MSFT
https://readthedocs.io,CLOUDFLARENET
https://besoccer.com,SKYCA-3
https://marketwatch.com,AMAZO-CF
https://ivi.ru,ru-ivi-2-4
https://t-mobile.com,INCAPSULA-NET
https://blogspot.de,GOOGLE
https://indiamart.com,GOOGLE-CLOUD
https://so-net.ne.jp,SO-NET
https://nydailynews.com,AT-88-Z
https://radiorage.com,GOOGLE-CLOUD
https://ppomppu.co.kr,KIDC-KR
https://clien.net,broadNnet-KR
https://nate.com,SKCOMMS-KR
https://brand.tmall.com,AL-3
https://todayhumor.co.kr,CLOUDFLARENET
https://worldofwarcraft.com,AT-88-Z
https://toutiao.com,TEAMSUN
https://sankei.com,AMAZON-NRT
https://privatbank.ua,AMAZO-4
https://kongregate.com,AMAZO-CF
https://ly.com,SUNHONGS
https://plex.tv,AMAZO-ZL3
https://fandango.com,AKAMAI-PA
https://xunlei.com,ALISOFT
https://vanguardngr.com,CLOUDFLARENET
https://startpage.com,ROUTIT-FWSM
https://wargaming.net,LU-GCORELABS-20120809
https://vidio.com,AMAZO-ZL4
https://getbootstrap.com,CLOUDFLARENET
https://heise.de,HEISE-NET
https://uniqlo.com,AMAZON-NRT
https://mercari.com,AMAZO-CF
https://google.lv,GOOGLE
https://bahn.de,BAHN-NET
https://yr.no,AKAMAI
https://ouo.press,CLOUDFLARENET
https://thoughtco.com,SKYCA-3
https://constantcontact.com,NET-CC1
https://teamliquid.net,OVH-CUST-4147443
https://immobilienscout24.de,AMAZON-CF
https://gotomeeting.com,MSFT
https://express.pk,CLOUDFLARENET
https://codecademy.com,CLOUDFLARENET
https://last.fm,GOOGL-2
https://flaticon.com,GOOGL-2
https://cloudflare.com,CLOUDFLARENET
https://postbank.de,DBIPNET1
https://doorblog.jp,LINE
https://freebitco.in,CLOUDFLARENET
https://yifysubtitles.com,CLOUDFLARENET
https://youku.com,Taobao
https://3sk.tv,CLOUDFLARENET
https://championat.com,SUP-FRONTS
https://doodle.com,CLOUDFLARENET
https://online-convert.com,CLOUDFLARENET
https://zryydi.com,CLOUDFLARENET
https://scol.com.cn,CHINANET-SC
https://tuko.co.ke,AKAMAI
https://sky.com,BSKYB-BROADBAND
https://hindustantimes.com,AKAMAI
https://nvidia.com,AT-88-Z
https://narod.ru,COMPUBYTE-NET
https://worldoftanks.ru,GCL-CUSTOMER-LU
https://tradeadexchange.com,CLOUDFLARENET
https://gstatic.com,GOOGLE
https://dw.com,DWRTVI-K
https://ninisite.com,PARSONLINE-DYNAMIC-DSL
https://altervista.org,AMAZON-DUB
https://quikr.com,AKAMAI
https://cracked.com,AMAZO-ZL4
https://6park.com,OVH-DEDICATED-FO
https://bringmesports.com,GOOGLE-CLOUD
https://marriott.com,AKAMAI
https://movieweb.com,AMAZON-IAD
https://rutor.info,UNMANAGED-LTD
https://aksam.com.tr,CLOUDFLARENET
https://curapelanatureza.com.br,CLOUDFLARENET
https://blockchain.info,CLOUDFLARENET
https://rockstargames.com,AKAMAI
https://chosun.com,AMAZON-ICN
https://baskino.co,CLOUDFLARENET
https://24video.adult,CLOUDFLARENET
https://gofundme.com,AMAZO-CF
https://mathworks.com,MATHWORKS
https://limetorrents.cc,CLOUDFLARENET
https://arstechnica.com,AT-88-Z
https://metacritic.com,SKYCA-3
https://login.tmall.com,AL-3
https://apartmenttherapy.com,SKYCA-3
https://jqw.com,GDI-INVEST-03
https://overstock.com,OVERSTOCK
https://gismeteo.ua,Loadme
https://backlog.jp,AT-88-Z
https://zol.com.cn,BJKSCNET
https://wikiwand.com,AMAZO-CF
https://hltv.org,CLOUDFLARENET
https://houzz.com,SKYCA-3
https://qualtrics.com,AMAZON-IAD
https://mawdoo3.com,CLOUDFLARENET
https://firefoxchina.cn,ALISOFT
https://bab.la,CLOUDFLARENET
https://linternaute.com,CCM-BENCHMARK-GROUP
https://mirtesen.ru,SELECTEL-NET
https://ilfattoquotidiano.it,AMAZO-ZFRA
https://ycombinator.com,AMAZO-CF
https://pnc.com,AKAMAI
https://wiocha.pl,PL-OVH
https://ppy.sh,CLOUDFLARENET
https://healthline.com,AMAZO-CF
https://biglobe.ne.jp,AT-88-Z
https://mcafee.com,AMAZO-ZPDX
https://atlassian.com,AMAZO-CF
https://fb.ru,SELECTEL-NET
https://hollywoodreporter.com,AUTOMATTIC
https://envato.com,CLOUDFLARENET
https://freelancer.com,AT-88-Z
https://thevintagenews.com,AMAZON-SIN
https://gnula.nu,RU-LLCDDOS-GUARD-20161123
https://verizon.com,EDGECAST-NETBLK-10
https://vox.com,SKYCA-3
https://jb51.net,CTG136-JP
https://clarin.com,CLOUDFLARENET
https://mediaset.it,AMAZO-CF
https://talk.tw,HINET-NET
https://wondershare.com,CHINANETCENTER
https://orf.at,HOUSING-NET
https://stumbleupon.com,VERCEL-01
https://otvfoco.com.br,CLOUDFLARENET
https://telegram.me,Telegram_Messenger_Network
https://arxiv.org,SKYCA-3
https://berkeley.edu,WPENG
https://telegraf.com.ua,CLOUDFLARENET
https://videoyoum7.com,CLOUDFLARENET
https://crhoy.com,CLOUDFLARENET
https://20minutes.fr,AMAZO-CF
https://ed.gov,DEPARTMENT-OF-EDUCATION
https://digitalocean.com,CLOUDFLARENET
https://service-now.com,US-SERVICENOW1-19900730
https://pitchfork.com,SKYCA-3
https://irs.gov,IRSNET
https://xiaomi.com,CHINA-21VIANET
https://smugmug.com,AT-88-Z
https://cda.pl,CLOUDFLARENET
https://yourporn.sexy,REFLECTED-1
https://gameforge.com,CLOUDFLARENET
https://habrahabr.ru,QRATOR-42
https://abc.es,AKAMAI
https://urbanoutfitters.com,AKAMAI
https://userscloud.com,CLOUDFLARENET
https://livescore.com,GOOGL-2
https://tagged.com,TAGGE
https://credit-agricole.fr,CREDAGRI02
https://ajel.sa,CLOUDFLARENET
https://news18.com,NETMAGIC-IN
https://bustle.com,AMAZO-CF
https://yeniakit.com.tr,CLOUDFLARENET
https://finn.no,GOOGLE-CLOUD
https://tandfonline.com,CLOUDFLARENET
https://nationalgeographic.com,AMAZO-CF
https://dagospia.com,DAGOSPIA-SRL
https://rp5.ru,SELECTEL-NET
https://theweathernetwork.com,PELMOREX-CORP-IPV4
https://togetter.com,AMAZON-NRT
https://kalerkantho.com,CLOUDFLARENET
https://v1.cn,ALICLOUD
https://blogspot.gr,GOOGLE
https://storm.mg,AMAZON-2011L
https://iflscience.com,AMAZO-CF
https://commbank.com.au,AMAZO-CF
https://thedailybeast.com,CLOUDFLARENET
https://cima4u.tv,TRELLIAN-AU
https://caixabank.es,CAIXABANK
https://kizi.com,CLOUDFLARENET
https://neiyi.tmall.com,AL-3
https://itv.com,AMAZO-4
https://prom.ua,UA-EVO
https://lightinthebox.com,CDSC-1
https://ozon.ru,CLOUDFLARENET
https://mts.ru,QRATOR-15217
https://filmix.me,QIS-SG
https://emailaccessonline.com,AMAZON-IAD
https://cb01.uno,CLOUDFLARENET
https://ozee.com,AMAZO-4
https://google.com.cu,GOOGLE
https://bastillepost.com,AMAZON-ASIA-SIN2
https://crabsecret.tmall.com,AL-3
https://abola.pt,HOS-484230
https://blibli.com,CLOUDFLARENET
https://forgeofempires.com,INNOGAMES-NET
https://google.ba,GOOGLE
https://techtudo.com.br,142403
https://editor.wix.com,GOOGL-2
https://mbank.pl,PL-MBANK-NETWORK
https://mail.com,DE-SCHLUND-20030806
https://garmin.com,CLOUDFLARENET
https://foodnetwork.com,AMAZO-CF
https://lloydsbank.co.uk,MICROSOFT
https://3c.tmall.com,AL-3
https://nintendo.com,NINTEN
https://impress.co.jp,IMPRESSTOUCH
https://alsbbora.com,CLOUDFLARENET
https://eset.com,SK-ESET-NET
https://leo.org,CLOUDFLARENET
https://otto.de,AMAZO-ZFRA
https://fastpic.ru,PCI-SBG6
https://51cto.com,ALISOFT
https://myhome.tmall.com,AL-3
https://bancodevenezuela.com,
https://minecraft.net,MSFT
https://vseigru.net,CLOUDFLARENET
https://service.gov.uk,SKYCA-3
https://bayt.com,CENTRILOGIC-CANADA
https://t.me,Telegram_Messenger_Network
https://bol.uol.com.br,31438
https://hostgator.com,CLOUDFLARENET
https://ranker.com,SKYCA-3
https://dreamstime.com,SOFTLAYER-RIPE-4-30-31
https://triumph.tmall.com,AL-3
https://playground.ru,Teslatel-38
https://greatandhra.com,CLOUDFLARENET
https://360doc.com,ALISOFT
https://clickfunnels.com,CLOUDFLARENET
https://aimer.tmall.com,AL-3
https://renren.com,CHINA-21VIANET
https://indiegogo.com,GOOGLE-CLOUD
https://dhl.de,MSFT
https://feger.tmall.com,AL-3
https://zeit.de,GOOGLE-CLOUD
https://avclub.com,SKYCA-3
https://elconfidencial.com,INCAPSULA-NETWORK
https://pinterest.de,SKYCA-3
https://srchprivate.com,CLOUDFLARENET
https://lg.com,AMAZO-4
https://jsfiddle.net,CLOUDFLARENET
https://lanacion.com.ar,
https://forever21.com,CLOUDFLARENET
https://ekantipur.com,CLOUDFLARENET
https://aftonbladet.se,AT-88-Z
https://arcot.com,CLOUDFLARENET
https://telekom.com,T-SYSTEMS-DTAG-T-SYSTEMS
https://googleapis.com,GOOGLE
https://tradingview.com,AMAZO-CF2
https://sanook.com,INET-TH
https://irecommend.ru,SELECTEL-NET
https://jobrapido.com,GOOGL-2
https://moz.com,CLOUDFLARENET
https://joins.com,KORNET-KR
https://letras.mus.br,186656
https://sozcu.com.tr,CLOUDFLARENET
https://yao.tmall.com,ALIBABA-CN-NET
https://codeproject.com,CP1-APPLICATIONSONNETWORKS
https://wildberries.ru,RU-WILDBERRIES-20160216
https://monster.com,MONSTER-WORLDWIDE
https://programme-tv.net,AMAZON-DUB
https://jalopnik.com,SKYCA-3
https://pixlr.com,AMAZO-CF
https://tradedoubler.com,AMAZON-DUB
https://correios.com.br,354854
https://thingiverse.com,CLOUDFLARENET
https://starzplay.com,AMAZON-DUB
https://smi2.ru,SERVERS-RU-MOW3
https://virgilio.it,IT-MATRIX-991115
https://yandex.by,YANDEX-5-255-255
https://mayoclinic.org,MAYO
https://daraz.pk,AL-3
https://watchseries.do,TRELLIAN-AU
https://wonderlandads.com,networkclaim-com
https://concursolutions.com,AKAMAI
https://invisionapp.com,AMAZON-2011L
https://variety.com,AUTOMATTIC
https://dhl.com,DHLNET-199-140
https://index.hu,MAGEX-NET
https://tvn24.pl,AMAZO-ZL4
https://sephora.com,AKAMAI
https://hsbc.co.uk,AMAZO-4
https://jetbrains.com,AMAZO-ZL4
https://neogaf.com,CLOUDFLARENET
https://epochtimes.com,GOOGLE-CLOUD
https://digitaltrends.com,AUTOMATTIC
https://elsevier.com,SQUIZ-AU
https://entrepreneur.com,SKYCA-3
https://gog.com,GOG-NET
https://pcpartpicker.com,CLOUDFLARENET
https://20minutos.es,AMAZO-CF
https://blogspot.com.tr,GOOGLE
https://farfetch.com,AKAMAI
https://9anime.to,CLOUDFLARENET
https://google.com.gh,GOOGLE
https://cmovieshd.com,LIQUIDWEB
https://yomiuri.co.jp,SKYCA-3
https://pussl3.com,ADVANCEDHOSTERS-NET
https://macrumors.com,CLOUDFLARENET
https://1111.com.tw,FourthOne
https://shareasale.com,CLOUDFLARENET
https://xkcd.com,SKYCA-3
https://bluehost.com,CLOUDFLARENET
https://donanimhaber.com,dcenteras-cust-pool1
https://qiwi.com,QIWIW-NET
https://i.ua,CLOUDFLARENET
https://yallakora.com,CLOUDFLARENET
https://trustpilot.com,AMAZON-DUB
https://kakao.com,DREAMX-KR
https://tempo.co,AMAZON-CGK
https://indeed.co.in,CLOUDFLARENET
https://walgreens.com,AKAMAI
https://teletica.com,CLOUDFLARENET
https://newsnow.co.uk,COGENT-149-6-16
https://miniclip.com,AMAZO-CF
https://coursehero.com,CLOUDFLARENET
https://otomoto.pl,AMAZO-4
https://idealo.de,AMAZO-ZFRA
https://zerohedge.com,GOOGLE-CLOUD
https://oceanofgames.com,CLOUDFLARENET
https://lostfilm.tv,CLOUDFLARENET
https://newstrend.news,CLOUDFLARENET
https://google.com.sv,GOOGLE
https://myworkday.com,WORKDAY-USA
https://24h.com.vn,VIETTEL-VN
https://jquery.com,CLOUDFLARENET
https://clevernt.com,CLOUDFLARENET
https://laposte.fr,GROUPE-LA-POSTE
https://cmoney.tw,HINET-NET
https://mmmoffice.com,COGENT-A
https://vmware.com,VMWARE-NET-1
https://serverfault.com,CLOUDFLARENET
https://17track.net,ACE-SG
https://pelispedia.tv,LIQUIDWEB
https://life.ru,NGENIX-INFRASTRUCTURE-NET
https://babycenter.com,AMAZON-2011L
https://ilbe.com,broadNnet-KR
https://semrush.com,GOOGL-2
https://oasgames.com,AMAZO-CF
https://kapook.com,CSCOM-TH
https://shahid4u.com,CLOUDFLARENET
https://lolesports.com,AMAZO-ZL4
https://maybank2u.com.my,AKAMAI
https://chegg.com,AT-88-Z
https://malwarebytes.com,AUTOMATTIC
https://tabnak.ir,IRANSAMANEH
https://nhl.com,CLOUDFLARENET
https://pornhublive.com,ANI-001
https://excite.co.jp,AMAZON-NRT
https://fetlife.com,CLOUDFLARENET
https://informer.com,WZ-US-206-54-189-0-25
https://match.com,MATCH-BLOCK-1
https://fullhdfilmizlesene.org,CLOUDFLARENET
https://taoche.com,TENCENT-CN
https://swagbucks.com,AMAZO-CF
https://mangahere.co,CLOUDFLARENET
https://tnt-online.ru,QRATOR-19669
https://adidas.com,ADIDAS-WEB-REDIRECT-NET
https://sports.ru,SPORTS-NET
https://sportzwiki.com,HETZNER-RZ-NBG-NET2
https://zozo.jp,AKAMAI
https://unblocked.srl,TRELLIAN-AU
https://lacaixa.es,CAIXABANK
https://ubuntu.com,UK-CANONICAL-20151111
https://lavanguardia.com,GRUPO_GODO
https://dl-protecte.com,
https://depositphotos.com,DEPOSITPHOTOS
https://tutsplus.com,CLOUDFLARENET
https://unicredit.it,AIBV
https://mysuperapps.online,LIMESTONE-NETWORKS
https://allkpop.com,CLOUDFLARENET
https://billboard.com,AUTOMATTIC
https://nation.co.ke,UK-NTTUNITED-20031205
https://schwab.com,SCHWAB2
https://nexusmods.com,CLOUDFLARENET
https://rollingstone.com,AUTOMATTIC
https://leparisien.fr,AT-88-Z
https://google.com.bd,GOOGLE
https://coco01.net,CLOUDFLARENET
https://iherb.com,CLOUDFLARENET
https://blackdoctor.org,CLOUDFLARENET
https://ft.com,SKYCA-3
https://woot.com,AT-88-Z
https://airasia.com,ALICLOUD
https://bc.vc,CLOUDFLARENET
https://sitepoint.com,AMAZON
https://mydrivers.com,TencentCloud
https://autotrader.com,AKAMAI
https://mydala.com,NETMAGIC-IN
https://skroutz.gr,SKROUTZ-SERVER1
https://jkanime.net,CLOUDFLARENET
https://cic.gc.ca,CDAGOVN-B13
https://otzovik.com,SELECTEL-NET
https://androidcentral.com,SKYCA-3
https://sbnation.com,SKYCA-3
https://fontawesome.io,AT-88-Z
https://adturtle.biz,CLOUDFLARENET
https://lds.org,LDS-CHURCH
https://pretty52.com,CLOUDFLARENET
https://hilton.com,HILTON
https://seekingalpha.com,SKYCA-3
https://p30download.com,HOSTIRAN-NET
https://yalla-shoot.com,CLOUDFLARENET
https://tasnimnews.com,TASNIM-PB-1
https://noaa.gov,NOAA-NWAVE
https://drugs.com,AKAMAI
https://taimienphi.vn,CLOUDFLARENET
https://bitcointalk.org,CLOUDFLARENET
https://gotowebinar.com,MSFT
https://blog.ir,ParsOnline
https://inc.com,SKYCA-3
https://mmo-champion.com,CLOUDFLARENET
https://newyorker.com,SKYCA-3
https://geeksforgeeks.org,AT-88-Z
https://books.com.tw,NCICNET-NET
https://aweber.com,CLOUDFLARENET
https://hexun.com,GBest
https://dotabuff.com,SKYCA-3
https://hotnewhiphop.com,WPENG
https://tinyz.us,TRELLIAN-AU
https://google.com.lb,GOOGLE
https://withgoogle.com,GOOGLE
https://bmi.ir,IR-SADADCO-20060530
https://vid.me,CLOUDFLARENET
https://bamilo.com,CLOUDFLARENET
https://redbubble.com,CLOUDFLARENET
https://os.tc,CLOUDFLARENET
https://softpedia.com,64-77-0-0-NET
https://spectrum.net,AMAZON-IAD
https://afreecatv.com,broadNnet-KR
https://unsplash.com,SKYCA-3
https://chinatimes.com,GOOGLE-CLOUD
https://exblog.jp,AMAZON-NRT
https://bzw315.com,SJWT
https://ceneo.pl,PL-QXL-20130719
https://01net.com,CLOUDFLARENET
https://51.la,UNICOM-HA
https://feebee.com.tw,TFN-NET
https://google.jo,GOOGLE
https://udacity.com,AMAZO-ZL4
https://rei.com,AKAMAI
https://baixaki.com.br,199127
https://nifty.com,NIFCLOUD-SRV
https://tripadvisor.it,SKYCA-3
https://proxyspotting.in,TRELLIAN-AU
https://reverb.com,CLOUDFLARENET
https://similarweb.com,AMAZO-ZPDX
https://businessweekly.com.tw,GAMANET
https://adidas.tmall.com,AL-3
https://timeout.com,AMAZON-CF
https://popsugar.com,AMAZO-CF
https://panet.co.il,CLOUDFLARENET
https://pornolab.net,XSG_Netherlands
https://pussysaga.com,CLOUD-ASH
https://crunchbase.com,CLOUDFLARENET
https://webtoons.com,NBP-NET-KR
https://126.com,UNICOM-BJ
https://hitc.com,CLOUDFLARENET
https://over-blog.com,FR-OVERBLOG-20200304
https://marumaru.in,CLOUDFLARENET
https://traffic-media.co,CLOUDFLARENET
https://bedbathandbeyond.com,AKAMAI
https://argos.co.uk,TELSTRA-INTL-HK
https://worldlifestyle.com,AMAZO-ZL4
https://safefinder.com,MSFT
https://tunein.com,CLOUDFLARENET
https://kinja.com,SKYCA-3
https://minuto30.com,SUCURI-ARIN-002
https://isna.ir,ANYCAST_185-143-234-0_24
https://complex.com,AMAZO-ZL4
https://fileconvertor.org,CLOUDFLARENET
https://gleam.io,CLOUDFLARENET
https://ucoz.ru,UCOZ-NET
https://stripe.com,AMAZO-ZPDX7
https://flashscore.com,GOOGL-2
https://readmanga.me,CLOUDFLARENET
https://whitepages.com,AMAZON-CF
https://nexon.com,AMAZON-ICN
https://jcpenney.com,AKAMAI
https://dpreview.com,CLOUDFLARENET
https://kenh14.vn,VNPT-VN
https://vip.tmall.com,ALIBABA-CN-NET
https://deutsche-bank.de,DBIPNET1
https://foursquare.com,SKYCA-3
https://plurk.com,CLOUDFLARENET
https://littlethings.com,AMAZON-AS-AP
https://sears.com,CLOUDFLARENET
https://nfl.com,SKYCA-3
https://eonline.com,AKAMAI
https://gorillavid.in,SEDO-NET2
https://caffeinamagazine.it,CLOUDFLARENET
https://nessma.tv,CLOUDFLARENET
https://pinterest.jp,SKYCA-3
https://500px.com,AMAZO-ZL4
https://yandex.com,YANDEX-5-255-255
https://christian-dogma.com,CLOUDFLARENET
https://kbb.com,AKAMAI
https://google.cm,GOOGLE
https://kissmanga.com,LIQUIDWEB
https://1und1.de,IONOS-CUSTOMERS
https://thespruce.com,SKYCA-3
https://astrologyanswers.com,CLOUDFLARENET
https://wetteronline.de,AMAZO-CF
https://imagebam.com,LIP-NET
https://alexa.com,AMAZON-EC2-8
https://staples.com,AKAMAI
https://danawa.com,KORNET-KR
https://buffer.com,CLOUDFLARENET
https://pcworld.com,SKYCA-3
https://vidto.me,LIQUIDWEB
https://kompasiana.com,AMAZON-SIN
https://amazon.com.mx,AMAZON-2011L
https://linguee.fr,Linguee-GmbH-dus3
https://sap.com,SAP-CC
https://warhistoryonline.com,AT-88-Z
https://star.com.tr,CLOUDFLARENET
https://thomann.de,THOMANN-NET
https://ilmeteo.it,CLOUDFLARENET
https://techtarget.com,GOOGL-2
https://kshowonline.com,CLOUDFLARENET
https://mundodeportivo.com,GRUPO_GODO
https://everydayhealth.com.tw,AMAZO-CF
https://moi.gov.sa,MOI
https://elintransigente.com,AUTOMATTIC
https://ew.com,SKYCA-3
https://google.com.kh,GOOGLE
https://mysql.com,ORACLE-CHIC
https://newtabtvsearch.com,AT-88-Z
https://cargurus.com,SKYCA-3
https://cryptocompare.com,CLOUDFLARENET
https://aljazeera.com,AT-88-Z
https://valuecommerce.com,AMAZON-NRT
https://ynet.co.il,AIBV
https://pagesjaunes.fr,GOOGLE-CLOUD
https://ansa.it,HETZNER-fsn1-dc11
https://sindonews.com,AMAZO-CF
https://tagesschau.de,GOOGL-2
https://spanishdict.com,AMAZON-IAD
https://archiveofourown.org,CLOUDFLARENET
https://flightradar24.com,CLOUDFLARENET
https://lotterypost.com,CLOUDFLARENET
https://bigcinema.to,LIQUIDWEB
https://bola.com,GOOGLE-CLOUD
https://sprint.com,FON-110191078491394
https://ana.co.jp,AKAMAI
https://viid.me,LIQUIDWEB
https://filmitorrent.org,TRELLIAN-AU
https://fivethirtyeight.com,AUTOMATTIC
https://nouvelobs.com,GOOGLE-CLOUD
https://ucla.edu,AT-88-Z
https://mega.co.nz,MEGA-LU
https://barstoolsports.com,VERCEL-01
https://tvtropes.org,AMAZO-CF
https://google.ee,GOOGLE
https://vente-privee.com,EDGECAST-NETBLK-08
https://indeed.co.uk,CLOUDFLARENET
https://viki.com,AMAZO-CF
https://rappler.com,AMAZO-CF
https://heavy.com,AUTOMATTIC
https://lagaceta.com.ar,CLOUDFLARENET
https://axisbank.com,AKAMAI
https://cleartax.in,AMAZO-CF
https://hsbc.com.hk,AMAZO-4
https://zcool.com.cn,ALISOFT
https://gemius.pl,GEMIUS
https://beingindian.com,CLOUDFLARENET
https://fitbit.com,GOOGL-2
https://kinox.to,CLOUDFLARENET
https://read01.com,CLOUDFLARENET
https://duba.com,TencentCloud
https://picmonkey.com,AT-88-Z
https://dominos.com,AKAMAI
https://bb.com.br,200204
https://123movies.co,UA-VSYS-20190426
https://blocket.se,AMAZON-CF
https://google.com.uy,GOOGLE
https://puu.sh,DIGITALOCEAN-162-243-0-0
https://kumparan.com,CLOUDFLARENET
https://haberler.com,TR-DORUK-NET-20020927
https://standardmedia.co.ke,CLOUDFLARENET
https://apartments.com,AKAMAI
https://voot.com,AKAMAI
https://ria.com,IOT-HOUSING-NET
https://yemek.com,CLOUDFLARENET
https://tc-clicks.com,UPCLOUD-DE-FRA1-NET
https://umich.edu,UMICH-1
https://freshdesk.com,AMAZO-CF
https://scotiabank.com,AKAMAI
https://qz.com,SKYCA-3
https://payoneer.com,GOOGLE-CLOUD
https://bestadbid.com,networkclaim-com
https://faz.net,MSFT
https://iobit.com,AMAZON-IAD
https://spiceworks.com,INCAPSULA-NET
https://coolmath-games.com,CLOUDFLARENET
https://ubi.com,AT-88-Z
https://pch.com,AMAZON-IAD
https://bbb.org,AMAZON-IAD
https://techbang.com,AMAZON-2011L
https://privat24.ua,AMAZO-4
https://sonyliv.com,AT-88-Z
https://funnyjunk.com,HO-2
https://indexmovie.me,TRELLIAN-AU
https://akoam.com,CLOUDFLARENET
https://laprensagrafica.com,CLOUDFLARENET
https://fiuxy.co,B2-NET-SOLUTIONS
https://woman.ru,ORG-HSDT1-RIPE
https://futhead.com,SKYCA-3
https://unam.mx,
https://screenrant.com,AT-88-Z
https://jjwxc.net,Gainet
https://sport.es,ES-TELEFONICA-960610
https://hotpepper.jp,RECRUIT
https://blogspot.kr,GOOGLE
https://cdstm.cn,wznt
https://idealista.com,SKYCA-3
https://tenki.jp,SAKURA-NET
https://digg.com,CLOUDFLARENET
https://manyvids.com,AMAZO-ZL4
https://tsite.jp,CLOUDFLARENET
https://hotukdeals.com,CLOUDFLARENET
https://pbs.org,AMAZON-2011L
https://2gis.ru,DGIS-NET
https://onlinekhabar.com,CLOUDFLARENET
https://sheypoor.com,Net-Tejarat
https://actcorp.in,AMAZON-BOM
https://piliapp.com,CLOUDFLARENET
https://jezebel.com,SKYCA-3
https://ibtimes.co.uk,AMAZO-ZDUB5
https://mamba.ru,MAMBA
https://namecheap.com,NAMEC-4
https://mehrnews.com,ANYCAST_185-143-233-0_24
https://zezoomglobal.com,CLOUDFLARENET
https://si.com,SKYCA-3
https://pscp.tv,AMAZON-NRT
https://craigslist.ca,CRAIGS-NET-1
https://informationvine.com,SKYCA-3
https://cool3c.com,GOOGLE-CLOUD
https://watsons.tmall.com,AL-3
https://clubic.com,OVH_210326215
https://btolat.com,CLOUDFLARENET
https://cbslocal.com,SKYCA-3
https://smh.com.au,SKYCA-3
https://logitech.com,AT-88-Z
https://olx.ro,AMAZON-CF
https://dumpert.nl,CLOUDFLARENET
https://planetromeo.com,CLOUDFLARENET
https://1fardadownload.net,DC-Germany
https://kukudas.com,LIQUIDWEB
https://payu.in,AMAZO-CF
https://itau.com.br,AKAMAI
https://study.com,AMAZO-ZL4
https://turbo.az,CLOUDFLARENET
https://elespanol.com,AMAZON-CF
https://multitran.ru,DE-HETZNER-20010209
https://torrentdownloads.me,CLOUDFLARENET
https://wowprogress.com,CLOUDFLARENET
https://patheos.com,VZ
https://theknot.com,AKAMAI
https://khabaronline.ir,IR-ASIATECH-DC
https://stubhub.com,AKAMAI
https://blogspot.pe,GOOGLE
https://mgid.com,SERVERS-COM-DFW1
https://sueddeutsche.de,BOREUS-NET
https://ny.gov,AMAZON-EC2-8
https://medscape.com,CLOUDFLARENET
https://yesmovies.to,CLOUDFLARENET
https://sarvgyan.com,CLOUDFLARENET
https://refinery29.com,SKYCA-3
https://dmm.com,AT-88-Z
https://forocoches.com,CLOUDFLARENET
https://dolartoday.com,CLOUDFLARENET
https://hihi2.com,DE-HETZNER-19931109
https://mangvieclam.com,VTDC-VN
https://oxforddictionaries.com,AT-88-Z
https://vrbo.com,AKAMAI
https://nyaa.si,RU-LLCDDOS-GUARD-20161123
https://answers.com,SKYCA-3
https://androidauthority.com,CLOUDFLARENET
https://wasabisyrup.com,CLOUDFLARENET
https://vagalume.com.br,AMAZO-CF
https://academic.ru,DE-HETZNER-19931109
https://asriran.com,IRANSAMANEH
https://angel.co,CLOUDFLARENET
https://blogspot.ru,GOOGLE
https://doramatv.ru,CLOUDFLARENET
https://rg.ru,RU-QRATOR-20140730
https://santander.co.uk,GSVNET
https://here.com,AT-88-Z
https://filmibeat.com,CLOUDFLARENET
https://hearthpwn.com,CLOUDFLARENET
https://ifixit.com,AMAZON-NRT
https://thrillist.com,SKYCA-3
https://3-sk.tv,CLOUDFLARENET
https://gnavi.co.jp,GURUNAVI
https://mapquest.com,AMAZON
https://namu.wiki,CLOUDFLARENET
https://crossout.net,CLOUDFLARENET
https://legacy.com,EDNS
https://feng.com,CLOUDFLARENET
https://ilovepdf.com,CLOUDFLARENET
https://veporn.net,CLOUDFLARENET
https://mp3goo.co,LIQUIDWEB
https://toyokeizai.net,JB-NET
https://chicagotribune.com,AT-88-Z
https://gumtree.co.za,MSFT
https://2tcafe.com,TRELLIAN-AU
https://lastampa.it,AMAZO-CF
https://linguee.de,Linguee-GmbH-dus3
https://fnb.co.za,ORG-FRBL1-AFRINIC
https://nrk.no,AIBV
https://alnaharegypt.com,CLOUDFLARENET
https://folha.uol.com.br,AMAZO-CF
https://viber.com,AKAMAI
https://cornell.edu,CCS-NET
https://epfindia.gov.in,NDCSP-Delhi
https://ghanaweb.com,DE-GODADDY-20071017
https://ibtimes.com,AT-88-Z
https://wefbjdsbvksdbvkv.com,TRELLIAN-AU
https://citibank.co.in,CITICORP-C
https://google.com.bh,GOOGLE
https://bfmtv.com,AMAZON-2011L
https://southcn.com,TencentCloud
https://arabi21.com,CLOUDFLARENET
https://vanguard.com,NETBLK-VANGUARD
https://onliner.by,BELTELECOM-DATACENTER
https://shopee.tw,SPETW-NET
https://gettyimages.com,AMAZO-CF2
https://eluniverso.com,AT-88-Z
https://syosetu.com,IDCFNet-CIDR-BLK-JP
https://psu.edu,AMAZO-4
https://ibt.com,AT-88-Z
https://hypebeast.com,AMAZO-CF
https://tvguide.com,SKYCA-3
https://kerala.gov.in,KSITM
https://skidrowreloaded.com,CLOUDFLARENET
https://nipic.com,TENCENT-CN
https://xmovies8.ru,TRELLIAN-AU
https://passportindia.gov.in,PASSPORTSEWA
https://xero.com,AMAZO-CF2
https://moddb.com,CLOUDFLARENET
https://willhaben.at,AT-WILLHABEN-20191004
https://mercadolibre.com.co,AMAZO-CF
https://tecmundo.com.br,199127
https://nikkansports.com,AMAZO-CF
https://computerbild.de,BOREUS-NET
https://flightsearchapp.com,GOOGLE-CLOUD
https://truecaller.com,AMAZON-BOM
https://republika.co.id,CLOUDFLARENET
https://sketchup.com,AMAZO-CF
https://nitroflare.com,CLOUDFLARENET
https://steemit.com,CLOUDFLARENET
https://gamersky.com,CHINANET-HE
https://file-upload.com,CLOUDFLARENET
https://zopim.com,CLOUDFLARENET
https://pron.tv,CLOUDFLARENET
https://riotgames.com,AKAMAI
https://musica.com,CLOUDFLARENET
https://quizalert.com,AMAZO-4
https://emirates.com,AIBV
https://lichess.org,OVH-DEDICATED-37-187-205-0-FO
https://psychologytoday.com,AMAZON
https://cars.com,AMAZON-IAD
https://purdue.edu,PURDUE-CCNET
https://animevost.org,NL-ITHOSTING-POOL
https://passinst.com,TRELLIAN-AU
https://mercadolibre.com,AT-88-Z
https://dji.com,AMAZO-CF2
https://oup.com,AMAZO-4
https://food.com,AT-88-Z
https://servedbytrackingdesk.com,AMAZON-CF
https://washington.edu,GOOGL-2
https://creativemarket.com,CLOUDFLARENET
https://6pm.com,AMAZO-ZPDX
https://wikibooks.org,WIKIMEDIA-AP
https://vppgamingnetwork.com,CLOUDFLARENET
https://mightytext.net,CLOUDFLARENET
https://lindaikejisblog.com,CLOUDFLARENET
https://rfi.fr,AKAMAI
https://prensalibre.com,AUTOMATTIC
https://elblog.com,AT-88-Z
https://filmywap.com,LIQUIDWEB
https://makeleio.gr,HOL-INFRA
https://cbs.com,GOOGL-2
https://boardgamegeek.com,GOOGLE-CLOUD
https://wyborcza.pl,GWNET
https://newsweek.com,AMAZO-4
https://trustedreviews.com,SKYCA-3
https://fanatik.com.tr,DOL
https://mvideo.ru,RU-STORMSYSTEMS-20140925
https://bittorrent.com,QUADRANET
https://economist.com,CLOUDFLARENET
https://himado.in,SHWENANDAR
https://abplive.in,AKAMAI
https://windows.com,MSFT
https://3dmgame.com,JINHUA-MEIDIYA-LTD
https://goldhdtube.com,WZ-EU-78-140-190-0-24
https://opera.com,NO-OPERA-AMS-PUBLIC
https://marktplaats.nl,GOOGL-2
https://tfile.cc,AT-88-Z
https://sendspace.com,CLOUDFLARENET
https://jagran.com,GOOGL-2
https://36kr.com,ALISOFT
https://cosmopolitan.com,SKYCA-3
https://pelis24.tv,TRELLIAN-AU
https://joemonster.org,CLOUDFLARENET
https://lonelyplanet.com,AMAZO-CF
https://dikaiologitika.gr,CLOUDFLARENET
https://docusign.com,SKYCA-3
https://fifa.com,VZ
https://yourdictionary.com,AMAZO-ZL4
https://lifehacker.ru,CLOUDFLARENET
https://dek-d.com,Huawei-Cloud-TH
https://amd.com,AKAMAI
https://icolor.com.cn,ALICLOUD
https://imgrum.org,IT-SERVERPLAN-20050418
https://solidfiles.com,WYIPS
https://uludagsozluk.com,uludagsozluk-28598
https://elcomercio.com,AT-88-Z
https://mixi.jp,AMAZON-NRT
https://msnbc.com,AKAMAI
https://sznews.com,shenzhentequbaoshe
https://reference.com,SKYCA-3
https://css-tricks.com,CLOUDFLARENET
https://turkiye.gov.tr,TURKSAT-NET
https://mainichi.jp,AMAZO-CF
https://pagalworld.me,NET-69-61-26-0-24
https://meduza.io,CLOUDFLARENET
https://anidub.com,CLOUDFLARENET
https://interpark.com,KIDC-KR
https://mindbodyonline.com,AMAZO-ZL4
https://horriblesubs.info,CLOUDFLARENET
https://google.com.np,GOOGLE
https://haberturk.com,HABERTURKGAZETECILIK-NET
https://wwe.com,AMAZO-USEAST-11
https://sagepub.com,NTTA-128-121
https://filmaffinity.com,CLOUDFLARENET
https://typeform.com,AMAZO-CF
https://shadbase.com,CLOUDFLARENET
https://light-dark.net,CLOUDFLARENET
https://biqle.ru,CLOUDFLARENET
https://vcommission.com,INTERNET-BLK-A2HOS-14
https://sunfrog.com,ALPINEWEB
https://sbicard.com,GECAPITAL-IN
https://ibtimes.co.in,GOOGLE-CLOUD
https://globalsources.com,INCAPSULA-NETWORK
https://mk.ru,RU-LINXDATACENTER-20041217
https://all-free-download.com,SD-VIN-V100A03-MAGGIE-INFRA-002
https://zaful.com,AMAZON-IAD
https://jet.com,AKAMAI
https://wetter.de,DE-RTLTECH-F5
https://pcgamer.site,AMAZO-4
https://shutterfly.com,AT-88-Z
https://wisc.edu,UWMSN-NET-3
https://realestate.com.au,AKAMAI
https://uscis.gov,AKAMAI
https://infoseek.co.jp,RAKUTEN-NET
https://omegle.com,CLOUDFLARENET
https://barclaycardus.com,AKAMAI
https://olx.kz,IP_OLXGROUP
https://tarafdari.com,IR-AFAGH1-20181015
https://90min.com,AMAZO-ZPDX
https://591.com.tw,DIGITAL-TECHNOLO-927-TW
https://t66y.com,PONYNET-03
https://tamin.ir,ANYCAST_185-143-234-0_24
https://qyer.com,VClouD
https://punchng.com,CLOUDFLARENET
https://kwejk.pl,PL-OVH
https://sun-gazing.com,CLOUDFLARENET
https://mydealz.de,CLOUDFLARENET
https://alquds.co.uk,CLOUDFLARENET
https://coindesk.com,AT-88-Z
https://autotrader.co.uk,CLOUDFLARENET
https://secondlife.com,AKAMAI
https://jawabkom.com,HETZNER-nbg1-dc3
https://n-tv.de,AMAZON-CF
https://azet.sk,RINGIERSK-NET1
https://cvs.com,AKAMAI
https://rtve.es,RTVE-Cloud
https://elbotola.com,CLOUDFLARENET
https://csfd.cz,MANAGED-201
https://zdf.de,ZDF-Net
https://anjuke.com,TencentCloud
https://gitlab.com,CLOUDFLARENET
https://alphacoders.com,CLOUDFLARENET
https://kosovarja.al,CLOUDFLARENET
https://un.org,UN-NET
https://monografias.com,AMAZO-CF
https://tripadvisor.ru,SKYCA-3
https://aruba.it,ARUBA-NET
https://jio.com,RELIANCEJIO-IN
https://tutu.ru,QRATOR-9150
https://1and1.com,1AN1-NETWORK
https://victoriassecret.com,CLOUDFLARENET
https://otakukart.com,CLOUDFLARENET
https://koreastardaily.com,AMAZON
https://cybozu.com,CYBOZU-NET
https://lcl.fr,CREDAGRI02
https://opentable.com,OPENTABLE-22-BLOCK
https://o2.pl,WPPL
https://pathofexile.com,CLOUDFLARENET
https://columbia.edu,CU-NET
https://moneyforward.com,CLOUDFLARENET
https://opensooq.com,AMAZON
https://successfactors.com,SAP-CC
https://hk01.com,AMAZO-ZL4
https://literotica.com,XCITENET-W-2
https://eobot.com,AT-88-Z
https://commerzbank.de,COMMERZBANK
https://iptorrents.com,CLOUDFLARENET
https://encuentra24.com,CLOUDFLARENET
https://kraken.com,CLOUDFLARENET
https://zoomit.ir,IR-CAFEBAZAAR-20160905
https://eldorado.ru,RU-STORMSYSTEMS-20140925
https://ldblog.jp,LINE
https://google.tt,GOOGLE
https://gaana.com,AKAMAI
https://emag.ro,DANTE-NET
https://express.com.pk,CLOUDFLARENET
https://gemius.com,OVH_389009736
https://fool.com,CLOUDFLARENET
https://nbcsports.com,AKAMAI
https://mathrubhumi.com,AMAZON-BOM
https://alwakeelnews.com,CLOUDFLARENET
https://static1.squarespace.com,FASTLY
https://dickssportinggoods.com,XOXO-67-88-8-0
https://jstor.org,SKYCA-3
https://eurogamer.net,SKYCA-3
https://alimama.com,ALIBABA-CN-NET
https://bbva.es,AKAMAI
https://ccavenue.com,LIQUIDWEB
https://cnnindonesia.com,CLOUDFLARENET
https://dagbladet.no,CLOUDFLARENET
https://cima4up.tv,CLOUDFLARENET
https://jcrew.com,AKAMAI
https://zulily.com,SHOPIFY-NET
https://fortune.com,AMAZO-CF
https://mangapanda.com,LIQUIDWEB
https://searchprivate.org,CLOUDFLARENET
https://made-in-china.com,Net-DE-China-Mobile
https://javatpoint.com,CLOUDFLARENET
https://collegeboard.org,AMAZO-4
https://agar.io,CLOUDFLARENET
https://javlibrary.com,CLOUDFLARENET
https://dummies.com,CLOUDFLARENET
https://farfesh.com,INTERHOST-NETWORKS-LTD
https://tripadvisor.in,SKYCA-3
https://brainyquote.com,CLOUDFLARENET
https://todoist.com,AMAZO-CF
https://google.ge,GOOGLE
https://thomsonreuters.com,TLR-167-68-0-0-1
https://cc.com,AT-88-Z
https://tukif.com,CLOUDFLARENET
https://17173.com,TencentCloud
https://rentalcars.com,CLOUDFLARENET
https://tesco.com,TELSTRA-INTL-HK
https://priceminister.com,SFR-HOSTING
https://qcloud.com,TENCENT-CN
https://shahrekhabar.com,HOSTIRAN-NET
https://videolan.org,FR-FREE-ORG
https://metric-conversions.org,AMAZO-ZPDX
https://icook.tw,CLOUDFLARENET
https://bluestacks.com,AMAZO-CF
https://umn.edu,UMN1-NET
https://duden.de,AMAZO-ZFRA
https://ilsole24ore.com,ILSOLE24ORE-BB
https://airbnb.fr,AT-88-Z
https://cdc.gov,CDC3
https://provincial.com,AKAMAI
https://vistaprint.com,CLOUDFLARENET
https://tesla.com,AKAMAI-200710
https://to8to.com,AL-3
https://jolic2.com,EONIX
https://zamunda.net,CLOUDFLARENET
https://incruit.com,BORANET-KR
https://focus.cn,WEF
https://ucsd.edu,AMAZO-4
https://thechive.com,AUTOMATTIC
https://vulture.com,SKYCA-3
https://vmall.com,HWCSNET
https://igg-games.com,CLOUDFLARENET
https://users.wix.com,GOOGL-2
https://soft98.ir,IR-ASIATECH-DC
https://k2s.cc,CLOUDFLARENET
https://disney.go.com,GOOGLE-CLOUD
https://ubisoft.com,AT-88-Z
https://hdrezka.ag,IS-ICENETWORKS
https://about.com,SKYCA-3
https://divxtotal.com,CLOUDFLARENET
https://torrents.me,CLOUDFLARENET
https://pureadexchange.com,CLOUDFLARENET
https://megafon.ru,MF-STF-21062023
https://olx.com.pk,AMAZO-CF
https://healthylives.tw,CLOUDFLARENET
https://dangdang.com,shinenet
https://frstlead.com,networkclaim-com
https://bulbagarden.net,CLOUDFLARENET
https://tap.az,CLOUDFLARENET
https://superadexchange.com,CLOUDFLARENET
https://bolavip.com,AMAZO-ZL4
https://iheart.com,SKYCA-3
https://qafqazinfo.az,CLOUDFLARENET
https://ascii.jp,AMAZO-CF
https://who.int,CLOUDFLARENET
https://chefkoch.de,PIXELHOUSE
https://sky.it,IT-SKYTV-V4
https://huffingtonpost.fr,SKYCA-3
https://ainder.club,TRELLIAN-AU
https://samsclub.com,TELSTRA-INTL-HK
https://theringer.com,SKYCA-3
https://4cdn.org,CLOUDFLARENET
https://emojipedia.org,CLOUDFLARENET
https://ssc.nic.in,NICNET
https://hln.be,AKAMAI
https://kshow123.net,CLOUDFLARENET
https://howstuffworks.com,AMAZO-CF
https://watchcartoonsonline.eu,CLOUDFLARENET
https://planetsuzy.org,NFORCE_ENTERTAINMENT
https://tiscali.it,TISCALINET-DATACENTER
https://dramafever.com,AMAZO-CF
https://boursorama.com,FR-BOURSORAMA
https://colourpop.com,SHOPIFY-NET
https://content.tmall.com,AL-3
https://coupons.com,AMAZO-ZL4
https://blogspot.com.co,GOOGLE
https://linguee.com,Linguee-GmbH-dus3
https://snopes.com,AMAZO-CF
https://obozrevatel.com,CLOUDFLARENET
https://sexix.net,AT-88-Z
https://thethao247.vn,CLOUDFLARENET
https://accenture.com,ACCENTURE-1
https://kino-teatr.ru,ESERVER-178
https://canalrcn.com,AMAZO-CF
https://agenziaentrate.gov.it,AKAMAI-PA
https://getintopc.com,CLOUDFLARENET
https://wizards.com,AKAMAI
https://shine.com,AKAMAI
https://dantri.com.vn,FPTDYNAMICIP-NET
https://whois.com,LIQUIDWEB
https://tdbank.com,AKAMAI
https://ahlmisrnews.com,HOSTINGER-CDN
https://csc.gov.in,NDC-PUNE
https://autoscout24.de,AMAZON-CF
https://korabia.com,CLOUDFLARENET
https://bartarinha.ir,IR-OJGOSTAR1-20221018
https://ntdtv.com,GOOGLE-CLOUD
https://wn.com,WORLDNEWS
https://firefox.com,AMAZO-ZPDX
https://blizzard.com,BLIZZARD
https://virginmedia.com,GOOGL-2
https://sopitas.com,CLOUDFLARENET
https://watchcartoononline.io,CLOUDFLARENET
https://sme.sk,CLOUDFLARENET
https://happyon.jp,AMAZO-CF
https://bloganchoi.com,CLOUDFLARENET
https://ziprecruiter.com,CLOUDFLARENET
https://meb.gov.tr,MEBNET
https://mediamarkt.de,CLOUDFLARENET
https://kaspersky.com,CH-KL-20150121
https://plusnetwork.com,AMAZO-4
https://pixiv.net,PIXIV-NET
https://usmagazine.com,AUTOMATTIC
https://getformsonline.com,GOOGLE-CLOUD
https://careers360.com,AMAZO-CF2
https://minecraftforum.net,CLOUDFLARENET
https://unrealengine.com,AMAZON-IAD
https://raiplay.it,RAI
https://trafficfactory.biz,DIGITALOCEAN-64-55-48-0
https://khmerload.com,CLOUDFLARENET
https://directv.com,THE-DIRECTV-GROUP-INC
https://islamweb.net,SINGLEHOP
https://octopuspop.com,AMAZO-ZNRT1
https://sakshi.com,AMAZO-CF
https://imooc.com,TENCENT-CN
https://yammer.com,MSFT
https://archive.is,VPS-SGP2
https://bancsabadell.com,AKAMAI
https://elcomercio.pe,AKAMAI
https://ovh.com,OVH-CDN
https://protothema.gr,AKAMAI
https://bigcartel.com,CLOUDFLARENET
https://porngames.adult,AMAZON-2011L
https://clicktripz.com,AMAZO-ZL4
https://soompi.com,GOOGLE
https://sf-express.com,TENCENT-CN
https://thoughtcatalog.com,AUTOMATTIC
https://vodafone.de,DE-D2VODAFONE
https://super.cz,SEZNAM-CZ
https://citilink.ru,QRATOR-1636
https://filecrypt.cc,CLOUDFLARENET
https://creditmutuel.fr,FR-EI-00
https://orbitz.com,AKAMAI-PA
https://lolcounter.com,CLOUDFLARENET
https://bol.com,GOOGL-2
https://google.com.py,GOOGLE
https://goibibo.com,AT-88-Z
https://biblehub.com,LIMESTONE-NETWORKS
https://mangapark.me,CLOUDFLARENET
https://muvflix.com,AT-88-Z
https://newgrounds.com,SD-BHS-BHS8-B808A-MAGGIE-INFRA-002-2IEME
https://homeaway.com,AKAMAI
https://cyol.com,CHINA-21VIANET
https://mheducation.com,AMAZON-IAD
https://giantbomb.com,SKYCA-3
https://tripadvisor.fr,SKYCA-3
https://ihg.com,AKAMAI
https://tumangaonline.com,CLOUDFLARENET
https://freedownloadmanager.org,WZ-US-74-117-181-0-24
https://barclays.co.uk,AIBV
https://statcounter.com,CLOUDFLARENET
https://boxofficemojo.com,AMAZON-2011L
https://2chan.net,SAKURA-NET
https://pantsu.cat,CLOUD-NBG1
https://oyunskor.com,AT-88-Z
https://bd24live.com,HOS-496271
https://squareup.com,CLOUDFLARENET
https://bama.ir,ANYCAST_185-143-234-0_24
https://zooqle.com,CLOUDFLARENET
https://webmoney.ru,COM4S
https://edmunds.com,AMAZO-ZL4
https://onelogin.com,AWS-ONELOGIN
https://juksy.com,AMAZO-CF
https://videohive.net,CLOUDFLARENET
https://navyfederal.org,AKAMAI
https://inoreader.com,A1-181-I
https://papajohns.com,AKAMAI
https://futbin.com,CLOUDFLARENET
https://auto.ru,YANDEX-213-180-204
https://arduino.cc,AMAZO-ZL4
https://kitco.com,SKYCA-3
https://tower.im,broadNnet-KR
https://eldiario.es,AMAZON-EU-FRA3-AWS
https://geico.com,INCAPSULA-NET
https://docker.com,WPENG
https://huffingtonpost.jp,AMAZO-ZL4
https://netsuite.com,OPC1
https://wpbeginner.com,CLOUDFLARENET
https://ig.com.br,AMAZON-IAD
https://alhilalalyoum.com,AT-88-Z
https://misr5.com,CLOUDFLARENET
https://searchlock.com,NAMEC-4
https://tipico.de,AIBV
https://tupaki.com,AMAZON-HYD
https://vix.com,SKYCA-3
https://meituan.com,ACE-SG
https://ren.tv,RU-LLCDDOS-GUARD-20161123
https://battlefield.com,AKAMAI
https://livemaster.ru,RU-REGRU-940712
https://ntv.ru,RU-LLCDDOS-GUARD-20151201
https://lexpress.fr,AT-88-Z
https://w3.org,CLOUDFLARENET
https://niusnews.com,CLOUDFLARENET
https://halifax-online.co.uk,MICROSOFT
https://eluniversal.com.mx,AT-88-Z
https://bouyguestelecom.fr,BOUYGTEL-ISP-INFRA
https://nicehash.com,GOOGL-2
https://hirufm.lk,CLOUDFLARENET
https://larousse.fr,MICROSOFT
https://libertyland.co,AT-88-Z
https://index.hr,CLOUDFLARENET
https://zoopla.co.uk,AMAZON-DUB
https://downloadastro.com,CLOUDFLARENET
https://shein.com,AT-88-Z
https://samehadaku.net,TRELLIAN-AU
https://terra.com.br,TERRA-NETWORKS-USA2
https://planetlagu.site,AMAZON-2011L
https://cheapoair.com,AKAMAI
https://sabay.com.kh,CIDC-KH
https://indishare.me,LSN-DLLSTX-1
https://airbnb.co.uk,AMAZO-ZIAD5
https://wowkorea.jp,AISE-K
https://pluralsight.com,AT-88-Z
https://esporte.uol.com.br,AMAZO-ZL4
https://streaming-unlimited.com,AMAZON-DUB
https://lazada.vn,AL-3
https://picofile.com,IR-ASIATECH-DC
https://poki.com,CLOUDFLARENET
https://nyu.edu,NYU-NET2
https://sporcle.com,AT-88-Z
https://inboxace.com,GOOGLE-CLOUD
https://openclassrooms.com,CLOUDFLARENET
https://pokerstars.com,AMAZO-4
https://azure.com,211136
https://ebscohost.com,PANTHEON-IP4
https://fastcompany.com,SKYCA-3
https://couchsurfing.com,AMAZON-IAD
https://consultant.ru,VMI-NET
https://jawharafm.net,SD-GRA-GRA2-G266-sdagg64-1
https://pons.com,SD-1G-LIM-L112-bis
https://ipko.pl,INTELIGO
https://eater.com,SKYCA-3
https://elcorteingles.es,ES-ECI-20180129
https://zytpirwai.net,LSN-DLLSTX-1
https://minube.com,KOR_VULTR_CUST
https://timewarnercable.com,AKAMAI
https://hkgolden.com,CLOUDFLARENET
https://wizzair.com,AKAMAI
https://kickass.cd,CLOUDFLARENET
https://ccidnet.com,HUA-SI-WEI-TAI-KE
https://le360.ma,CLOUDFLARENET
https://gta5-mods.com,CLOUDFLARENET
https://strawpoll.me,SKYCA-3
https://indimusic.tv,SINGLEHOP
https://sport-express.ru,RU-SPORTEXPRESS-20140918
https://donmai.us,CLOUDFLARENET
https://transfermarkt.de,TLN-ISP-HH-BASIS
https://nps.gov,AT-88-Z
https://aif.ru,IQWEB-LLC-NET
https://mint.com,AKAMAI
https://tripadvisor.es,SKYCA-3
https://cafe24.com,CAFE24-KR
https://foxsports.com,AKAMAI
https://slither.io,CLOUDFLARENET
https://mixcloud.com,CLOUDFLARENET
https://24smi.info,CLOUDFLARENET
https://rocketnews24.com,AUTOMATTIC
https://seriouseats.com,SKYCA-3
https://unilad.co.uk,CLOUDFLARENET
https://nymag.com,SKYCA-3
https://abv.bg,NETINFO-NET-BG
https://ontvtime.ru,WELLSERVER-INET
https://producthunt.com,CLOUDFLARENET
https://illinois.edu,UIUC-CLASS-C
https://google.com.ni,GOOGLE
https://badtameezdil.net,LIQUIDWEB
https://sammobile.com,CLOUDFLARENET
https://tomshardware.co.uk,UK-FUTURE-20150812
https://laposte.net,WORLDLINE-FRANCE
https://msi.com,AT-88-Z
https://glassdoor.co.in,CLOUDFLARENET
https://tabmemfree.appspot.com,GOOGLE-CLOUD
https://on.cc,CLOUDFLARENET
https://dm5.com,CHINANET-ZJ-HU
https://rusvesna.su,CLOUDFLARENET
https://hujiang.com,CHINANET-SH
https://kinokong.cc,LIQUIDWEB
https://redhat.com,AT-88-Z
https://zalando.de,AMAZO-CF
https://buzzonclick.com,CLOUDFLARENET
https://overdrive.com,EXPEDIENT-11
https://utexas.edu,PANTHEON-IP4
https://dailythanthi.com,AMAZON-BOM
https://mysmartprice.com,AMAZON-BOM
https://qatarairways.com,AKAMAI
https://flvto.biz,CLOUDFLARENET
https://careerbuilder.com,CB-SITE-NETWORK
https://wolframalpha.com,WRI-NET
https://best-muzon.cc,LIQUIDWEB
https://bankbazaar.com,AKAMAI
https://yonhapnews.co.kr,KORNET-KR
https://247sports.com,SKYCA-3
https://trademe.co.nz,SKYCA-3
https://clicknupload.org,CLOUDFLARENET
https://digitalspy.com,SKYCA-3
https://glosbe.com,SD-GRA-G244-gra2-sdagg24a-b-n93
https://ksl.com,DESERETDIGITALMEDIA
https://yoox.com,AKAMAI
https://dkb.de,AMAZON-CF
https://shop-pro.jp,PEPABO-NYAH
https://moviegoat.com,MSFT
https://memrise.com,AMAZON-IAD
https://advertiserurl.com,NET-208-122-193-0-24
https://blic.rs,AMAZO-4
https://jooble.org,HSR07
https://dealabs.com,CLOUDFLARENET
https://dinamalar.com,DP-65-17-225-96-1
https://labirint.ru,LABIRINT-NET
https://iltalehti.fi,AMAZON-CF
https://bestbuy.ca,AKAMAI
https://tankionline.com,GCL-GLOBAL-ANYCAST
https://medlineplus.gov,AMAZO-CF
https://mashreghnews.ir,IR-ASIATECH-DC
https://bmo.com,AKAMAI
https://nordvpn.com,CLOUDFLARENET
https://skyscrapercity.com,SKYCA-3
https://wmtransfer.com,OVH-VPS
https://livedoor.biz,LINE
https://360.com,CTA-104-192-110-0-24
https://one.com,B-ONE-NET
https://kaiserpermanente.org,KPCNFDMZ
https://cnnic.cn,CHINANET-SC
https://sport.pl,GWNET
https://olx.com.eg,AMAZO-CF
https://etrade.com,E-TRADE10-224
https://pornohub.su,DC-Germany
https://geniusdisplay.com,CLOUDFLARENET
https://dhs.gov,AKAMAI
https://presslogic.com,CLOUDFLARENET
https://google.hn,GOOGLE
https://nordstromrack.com,SKYCA-3
https://bet-at-home.com,CLOUDFLARENET
https://smartsheet.com,SKYCA-3
https://sportbox.ru,RU-EDGECENTER-20090202
https://blogsky.com,IR-ASIATECH-DC
https://tribune.com.pk,CLOUDFLARENET
https://stern.de,AMAZON-DUB
https://mango.com,AMAZO-CF2
https://nnmclub.to,CLOUDFLARENET
https://google.com.cy,GOOGLE
https://advertserve.com,DIGITALOCEAN-104-131-0-0
https://imagevenue.com,LIP-NET
https://criteo.com,PANTHEON-IP4
https://coupang.com,AMAZO-CF2
https://vemale.com,GOOGLE-CLOUD
https://hamusoku.com,LINE
https://playoverwatch.com,AMAZON-2011L
https://aviasales.ru,AMAZO-CF
https://jang.com.pk,CLOUDFLARENET
https://soy502.com,AMAZO-ZL4
https://thesimsresource.com,CLOUDFLARENET
https://vidup.me,CLOUDFLARENET
https://nu.nl,AKAMAI
https://inven.co.kr,KIDC-KR
https://ing.nl,AKAMAI
https://noticias.uol.com.br,AKAMAI
https://ulta.com,AKAMAI
https://nintendo.co.jp,AMAZO-4
https://extraimage.net,LIQUIDWEB
https://elegantthemes.com,CLOUDFLARENET
https://cnyes.com,CNYESCOM-920-TW
https://myfonts.com,SHOPIFY-NET
https://intercambiosvirtuales.org,CLOUDFLARENET
https://famousbirthdays.com,CLOUDFLARENET
https://typepad.com,CLOUDFLARENET
https://07073.com,METEVERSE-NETWORKS
https://short.am,CLOUDFLARENET
https://porndig.com,CLOUDFLARENET
https://ucdavis.edu,PANTHEON-IP4
https://rakuten.com,EBATE-2
https://leroymerlin.fr,SKYCA-3
https://pptv.com,NJSCZ
https://jetblue.com,SKYCA-3
https://weibo.cn,SINA
https://fobshanghai.com,CHINANET-SH
https://softbank.jp,MSFT
https://travelocity.com,AKAMAI
https://flightaware.com,CLOUDFLARENET
https://manualslib.com,ADVANCEDHOSTERS-NET
https://is.fi,AMAZO-CF
https://sulekha.com,MSFT
https://depfile.com,DC-Germany
https://wimbledon.com,AKAMAI
https://seek.com.au,AT-88-Z
https://gazzetta.gr,CLOUDFLARENET
https://etoro.com,AKAMAI
https://lego.com,AKAMAI
https://jd.hk,UNICOM-HK
https://ing-diba.de,AKAMAI
https://channel4.com,AMAZON-DUB
https://movie4k.to,CLOUDFLARENET
https://gq.com,SKYCA-3
https://sony.com,AT-88-Z
https://fextralife.com,CLOUDFLARENET
https://massdrop.com,AMAZON-IAD
https://medianetnow.com,CLOUDFLARENET
https://tcs.com,MSFT
https://suumo.jp,RECRUIT
https://vogue.com.tw,SKYCA-3
https://lamoda.ru,QRATOR-1357
https://musixmatch.com,AMAZO-CF2
https://dailycaller.com,CLOUDFLARENET
https://salon.com,AMAZO-CF
https://evite.com,AMAZO-CF
https://chsi.com.cn,CHINANET-BJ
https://infowars.com,CLOUDFLARENET
https://commonhealth.com.tw,CLOUDFLARENET
https://acs.org,INCAPSULA-NET
https://buy123.com.tw,CLOUDFLARENET
https://yle.fi,AMAZON-CF
https://kicker.de,KICKER-NET
https://mpnrs.com,DE-FRA4-MP-NEWMEDIA-NET
https://osym.gov.tr,DESTEK_TURKCELL
https://giga.de,Stroeer_Media_Brands_AG-NET-21
https://nhaccuatui.com,VNPT-VN
https://ets.org,AT-88-Z
https://3djuegos.com,AMAZO-ZL4
https://grubhub.com,SKYCA-3
https://zergnet.com,AMAZON
https://torrentking.eu,TRELLIAN-AU
https://ae.com,AKAMAI
https://fast.com,AKAMAI
https://media-fire.org,LIQUIDWEB
https://fotolia.com,AMAZON-DUB
https://chomikuj.pl,CLOUDFLARENET
https://consumerreports.org,AMAZON-CF
https://bradesco.com.br,AKAMAI
https://geforce.com,AT-88-Z
https://derstandard.at,DERSTANDARD-PI-NET
https://coinmill.com,AMAZO-ZSFO4
https://etherscan.io,CLOUDFLARENET
https://girlsaskguys.com,CLOUDFLARENET
https://srchsafe.com,CLOUDFLARENET
https://jandan.net,AL-3
https://netpnb.com,ITDPNB
https://diamond.jp,JB-NET
https://olymptrade.com,CLOUDFLARENET
https://stuff.co.nz,AMAZO-ZL4
https://shatel.ir,SHTL-NET-INFRA-HSTG
https://hackerrank.com,AMAZON-2011L
https://csod.com,AT-88-Z
https://eurosport.fr,AMAZO-4
https://elsalvador.com,CLOUDFLARENET
https://wappalyzer.com,CLOUDFLARENET
https://musicpleer.audio,TRELLIAN-AU
https://the-star.co.ke,CLOUDFLARENET
https://ebay.ie,EBAY
https://curseforge.com,CLOUDFLARENET
https://starwoodhotels.com,AT-88-Z
https://ovh.net,OVH-DEDICATED-FO
https://deadline.com,AUTOMATTIC
https://fudan.edu.cn,CERNET-CN
https://allmusic.com,GOOGLE-CLOUD
https://jpnn.com,CLOUDFLARENET
https://city-data.com,SOFTLAYER-RIPE-4-30-31
https://zdnet.com,GOOGL-2
https://getresponse.com,GETRESPONSE
https://disp.cc,EU-LINODE-20141229
https://imgsrc.ru,RU-LLCDDOS-GUARD-20161123
https://hpe.com,HPE-15
https://graphicriver.net,CLOUDFLARENET
https://lastpass.com,AKAMAI
https://bookingbuddy.com,AT-88-Z
https://nnm-club.name,B2-NET-SOLUTIONS
https://news24.com,CLOUDFLARENET
https://farpost.ru,ORG-TL206-RIPE
https://tawk.to,CLOUDFLARENET
https://searchdconvertnow.com,AMAZO-ZIAD5
https://price.com.hk,CLOUDFLARENET
https://dongtw.com,CLOUDFLARENET
https://indiarailinfo.com,MICA-CBLK2
https://tweakers.net,NL-TRUESERVER-1386
https://mp3party.net,MNOGOBYTE-COLO-MF
https://8ue9q7i.com,ADVANCEDHOSTERS-NET
https://newsru.com,IONOS-CUSTOMERS
https://vz.ru,SELECTEL-NET
https://tass.ru,RU-STORMSYSTEMS-20140925
https://zhibo8.cc,ALISOFT
https://flipboard.com,AMAZO-CF2
https://corotos.com.do,CLOUDFLARENET
https://moneysavingexpert.com,CLOUDFLARENET
https://hdfilmcehennemi.com,CLOUDFLARENET
https://2ch-c.net,CLOUDFLARENET
https://check24.de,SPACE-CCH30-176
https://ozbargain.com.au,CLOUDFLARENET
https://fullprogramlarindir.com,CLOUDFLARENET
https://t-nation.com,AT-88-Z
https://eleconomista.es,GOOGL-2
https://centrum24.pl,Santander_Bank_Polska_S_A
https://123moviesfreez.com,SPOTFLUX
https://daily.co.jp,IDCFNet-CIDR-BLK-JP
https://google.com.et,GOOGLE
https://lankasri.com,AMAZO-CF
https://propaganda-eg.com,CONTABO
https://abc.go.com,AMAZO-ZPDX9
https://znds.com,ALISOFT
https://err.tmall.com,AL-3
https://experts-exchange.com,CLOUDFLARENET
https://menclub.hk,CLOUDFLARENET
https://inps.it,INPS-NET
https://shiftdelete.net,CLOUDFLARENET
https://nvxie.tmall.com,AL-3
https://adyou.me,CLOUDFLARENET
https://time.ir,Parsonline-Dynamic-Pool
https://vic.gov.au,SECTIONIO-AU
https://pandora.tv,GOOGL-2
https://delfi.lt,CLOUDFLARENET
https://teacherspayteachers.com,AMAZON-IAD
https://proboards.com,SKYCA-3
https://theglobeandmail.com,GLOBEANDMAIL
https://monsterindia.com,MSFT
https://netshoes.com.br,62176
https://ucoz.ua,COMPUBYTE-NET
https://beatport.com,GOOGL-2
https://alquds.com,CLOUDFLARENET
https://mudah.my,CLOUDFLARENET
https://instiz.net,CLOUDFLARENET
https://aranzulla.it,AMAZO-ZFRA
https://britishairways.com,AKAMAI
https://submarino.com.br,AMAZO-ZIAD2
https://2ch.hk,CLOUDFLARENET
https://kotobank.jp,AMAZO-CF
https://google.am,GOOGLE
https://mosaiquefm.net,CLOUDFLARENET
https://uproxx.com,AUTOMATTIC
https://greenhouse.io,SKYCA-3
https://cna.com.tw,GSN-NET
https://utoronto.ca,PANTHEON-IP4
https://dr.dk,AKAMAI
https://lolnexus.com,CLOUDFLARENET
https://dailykos.com,AMAZO-ZPDX9
https://medicinenet.com,CLOUDFLARENET
https://guokr.com,HWCSNET
https://dailystar.co.uk,AMAZON-DUB
https://xataka.com,AMAZO-ZL4
https://weheartit.com,AMAZO-CF
https://istruzione.it,MPI-NET
https://oricon.co.jp,CLOUDFLARENET
https://poiskm.net,US-DIGITALOCEANLLC-20031027
https://theqoo.net,CLOUDFLARENET
https://dict.cn,ALISOFT
https://asp.net,MSFT
https://iconfinder.com,CLOUDFLARENET
https://sciencemag.org,AT-88-Z
https://wemakeprice.com,KIDC-KR
https://hbr.org,AMAZO-CF
https://jusbrasil.com.br,CLOUDFLARENET
https://money.pl,WPPL
https://gulte.com,KOR_VULTR_CUST
https://drupal.org,SKYCA-3
https://www.nhs.uk,AKAMAI
https://kisscartoon.io,CLOUDFLARENET
https://soccerway.com,AMAZON-DUB
https://xing.al,CLOUDFLARENET
https://buy.tmall.com,AL-3
https://demotywatory.pl,rbx8-sdagg9a-b-n93
https://domaintools.com,WPENG
https://olx.pt,AMAZON-CF
https://9xmovies.to,LIQUIDWEB
https://origin.com,AKAMAI
https://samsonite.tmall.com,AL-3
https://eltiempo.com,INCAPSULA-NET
https://cplusplus.com,OVH-DEDICATED-FO
https://templatemonster.com,CLOUDFLARENET
https://alarab.com,CDN77-PRG
https://traveloka.com,AMAZO-CF
https://planetminecraft.com,CLOUDFLARENET
https://band.us,KIDC-KR
https://allabout.co.jp,AKAMAI
https://vivo.sx,CLOUDFLARENET
https://adsjudo.com,TRELLIAN-AU
https://uloz.to,CLOUDFLARENET
https://officedepot.com,AKAMAI
https://jobvite.com,PANTHEON-IP4
https://dream11.com,AMAZON-IAD
https://stargames.com,GREENTUBEVIENNA3-SECT1
https://britannica.com,AMAZON-2011L
https://usc.edu,USCNET2
https://gizmodo.jp,AMAZO-CF
https://mabanque.bnpparibas,AKAMAI
https://wpengine.com,CLOUDFLARENET
https://nvzhuang.tmall.com,AL-3
https://hupu.com,ALISOFT
https://wikidot.com,AMAZON-EC2-8
https://2kmtcentral.com,CLOUDFLARENET
https://codeplex.com,MSFT
https://1001fonts.com,PCI-BHS
https://cibc.com,AKAMAI
https://jia.tmall.com,AL-3
https://mintmanga.com,CLOUDFLARENET
https://namesakeoscilloscopemarquis.com,AT-88-Z
https://nanzhuang.tmall.com,AL-3
https://t411.al,TRELLIAN-AU
https://hyxyr.tmall.com,AL-3
https://freepik.es,GOOGLE-CLOUD
https://heureka.cz,CLOUDFLARENET
https://uploadboy.com,IR-ASIATECH-DC
https://crowdworks.jp,AMAZON-NRT
https://cibercuba.com,CLOUDFLARENET
https://downloadha.com,IR-ASIATECH-DC
https://lowyat.net,CLOUDFLARENET
https://calvinklein.tmall.com,AL-3
https://streamlabs.com,CLOUDFLARENET
https://box.net,BOX-NET-1
https://lianjia.com,TENCENT-CN
https://langsha.tmall.com,AL-3
https://twentytwowords.com,CLOUDFLARENET
https://almaany.com,CLOUDFLARENET
https://fossil.tmall.com,AL-3
https://anz.com,ANZ
https://up.nic.in,NDCBBSR-ECRT1
https://shouji.tmall.com,AL-3
https://usda.gov,USDA-CBLK
https://seesaawiki.jp,AMAZO-ZL4
https://bankrate.com,SKYCA-3
https://zarinpal.com,RACK400_com_Paris_Infrastructure
https://baby.tmall.com,AL-3
https://cifraclub.com.br,186656
https://comdirect.de,COMMERZBANK
https://uci.edu,UCI-NET
https://caranddriver.com,SKYCA-3
https://herb.co,AMAZON-AS-AP
https://gainreel.tmall.com,AL-3
https://probuilds.net,CLOUDFLARENET
https://jorudan.co.jp,AMAZO-ZL4
https://declk.com,i3Dnet-nlrtm1-K130134
https://watch.tmall.com,AL-3
https://kohsantepheapdaily.com.kh,GOOGLE-CLOUD
https://car.tmall.com,AL-3
https://azams.tmall.com,AL-3
https://nyc.gov,CITYNET-157-188
https://miao.tmall.com,AL-3
https://sarayanews.com,OVH_234612751
https://binnitu.tmall.com,AL-3
https://redonetype.com,networkclaim-com
https://tnkexchange.com,AT-88-Z
https://disney.com,GOOGLE-CLOUD
https://armorgames.com,CLOUDFLARENET
https://blogspot.cl,GOOGLE
https://maniform.tmall.com,AL-3
https://bizjournals.com,INCAPSULA-NETWORK
https://menshealth.com,SKYCA-3
https://buzzorange.com,CLOUDFLARENET
https://nalog.ru,NGENIX-NET
https://ekstrabladet.dk,JPPOL-NET
https://pierrecardinxb.tmall.com,AL-3
https://voanews.com,AKAMAI
https://e1.ru,NGSNET
https://qiannaimei.tmall.com,AL-3
https://eastpak.tmall.com,AL-3
https://ntvbd.com,SKYCA-3
https://freestreet.games,CLOUDFLARENET
https://simpli.com,SKYCA-3
https://bag.tmall.com,AL-3
https://myspace.com,GOOGL-2
https://nab.com.au,AMAZO-ZSYD
https://google.co.ma,GOOGLE
https://wt.tmall.com,ALIBABA-CN-NET
https://indiabix.com,GOOGL-2
https://gtmetrix.com,CLOUDFLARENET
https://bannedbook.org,CLOUDFLARENET
https://nsw.gov.au,AMAZO-4
https://famitsu.com,PoD
https://dns-shop.ru,QRATOR-19916
https://tororango.com,CLOUDFLARENET
https://nzherald.co.nz,CLOUDFLARENET
https://banco.bradesco,AKAMAI
https://hellcase.com,CLOUDFLARENET
https://torrentfreak.com,CLOUDFLARENET
https://aclst.com,CLOUDFLARENET
https://moretify.com,CLOUDFLARENET
https://betradar.com,AMAZO-ZFRA
https://livescience.com,SKYCA-3
https://ebaumsworld.com,AMAZON-IAD
https://vodafone.it,INCAPSULA-NET
https://tinhte.vn,VIETTEL-VN
https://techrepublic.com,SKYCA-3
https://rawstory.com,CLOUDFLARENET
https://fitgirl-repacks.site,IQWEB-LLC-NET
https://btcpop.co,CLOUDFLARENET
https://ox.ac.uk,SKYCA-3
https://twitcasting.tv,MOI
https://google.co.bw,GOOGLE
https://solvusoft.com,AMAZO-ZPDX8
https://songkick.com,GOOGL-2
https://upenn.edu,SKYCA-3
https://expansion.com,GOOGL-2
https://nj.com,AMAZO-4
https://skyscanner.com,AT-88-Z
https://forexfactory.com,CLOUDFLARENET
https://balkanweb.com,CLOUDFLARENET
https://git-scm.com,CLOUDFLARENET
https://aglasem.com,CLOUDFLARENET
https://hc360.com,BJKSCNET
https://cheatsheet.com,CLOUDFLARENET
https://zoznam.sk,ST-ZOZNAM-NET
https://3158.cn,CHINANET-CQ
https://archdaily.com,AMAZON-CF
https://bankersadda.com,AMAZO-ZL4
https://naijaloaded.com.ng,CLOUDFLARENET
https://nanxie.tmall.com,AL-3
https://appmedia.jp,SKYCA-3
https://googlegroups.com,GOOGLE
https://szn.cz,SEZNAM-CZ
https://etnet.com.hk,ETNET-HK
https://jkforum.net,CLOUDFLARENET
https://finecobank.com,FINECO-NET
https://threegun.tmall.com,AL-3
https://eltiempo.es,AMAZON-DUB
https://sports.tmall.com,AL-3
https://listindiario.com,AMAZON-CF
https://shopbop.com,AMAZON-2011L
https://zapier.com,AMAZO-CF
https://shaadi.com,CLOUDFLARENET
https://memurlar.net,MemurlarNet-15648
https://cmbchina.com,zhongguodianxin
https://computerhope.com,CLOUDFLARENET
https://goglogo.com,CONTABO
https://gifables.com,GOOGLE-CLOUD
https://comenity.net,NET-205-144-48-0-20
https://serienstream.to,IQWEB-LLC-NET
https://hugedomains.com,CLOUDFLARENET
https://trovaprezzi.it,MUTUIONLINEH-NET
https://yinyuetai.com,ALISOFT
https://today.com,AMAZON-2011L
https://imis.tmall.com,AL-3
https://journaldesfemmes.com,AKAMAI
https://vector.co.jp,VECTOR-NET
https://wenger.tmall.com,AL-3
https://atmarkit.co.jp,AMAZON-NRT
https://upera.co,CLOUDFLARENET
https://netgear.com,AT-88-Z
https://royalmail.com,Capgemini-RMG
https://beautyexchange.com.hk,CLOUDFLARENET
https://footmercato.net,PCI-SGP1
https://bigmir.net,BIGMIR-INTERNET
https://itch.io,LINODE
https://indiapost.gov.in,DEPARTMENTOFPOSTS-IN
https://ufl.edu,UFNET
https://infojobs.net,AMAZO-CF
https://lufthansa.com,MSFT
https://ubc.ca,AT-88-Z
https://thetrainline.com,AMAZO-ZL4
https://hola.org,AMAZON-2011L
https://sport24.gr,CLOUDFLARENET
https://dai.tmall.com,AL-3
https://finecomb.com,SKYCA-3
https://samplicio.us,AMAZON-IAD
https://forumfree.it,CLOUDFLARENET
https://uc.cn,CHINANET-GD
https://sweetwater.com,SKYCA-3
https://turkiyegazetesi.com.tr,IXIRHOST-COM
https://turnitin.com,SKYCA-3
https://book.tmall.com,AL-3
https://transferhit.com,LIQUIDWEB
https://meishichina.com,ALISOFT
https://eclipse.org,BLK-198-41-30-192-255
https://korrespondent.net,CLOUDFLARENET
https://tableau.com,AKAMAI
https://newchic.com,CDSC-1
https://monotaro.com,AMAZO-CF
https://adweek.com,WPENG
https://ddanzi.com,broadNnet-KR
https://hostelworld.com,GOOGL-2
https://systemrequirementslab.com,AMAZON-IAD
https://hangseng.com,HSBC
https://ti.com,NETBLK-TIINTC16
https://syf.com,AKAMAI
https://euronews.com,AMAZON-DUB
https://koreaboo.com,GOOGLE
https://tro-ma-ktiko.blogspot.gr,GOOGLE
https://casasbahia.com.br,AKAMAI
https://hatelabo.jp,AMAZON-NRT
https://entekhab.ir,ir-mizbanabri-1-mnt
https://google.lu,GOOGLE
https://teamtreehouse.com,AMAZON-IAD
https://warframe.com,AKAMAI
https://theadvocate.com,NET-LEEENT
https://hyptas.com,TRELLIAN-AU
https://expressen.se,AMAZO-ZFRA
https://agenciatributaria.gob.es,AEAT
https://translit.net,HETZNER-fsn1-dc3
https://downloadhelper.net,CLOUDFLARENET
https://phonearena.com,CLOUDFLARENET
https://lesnumeriques.com,PilotSystems
https://btcclicks.com,CLOUDFLARENET
https://worktile.com,CDSC-1
https://espnfc.us,AT-88-Z
https://freshersworld.com,AT-88-Z
https://sportsdirect.com,AKAMAI-PA
https://google.cd,GOOGLE
https://nasdaq.com,INCAPSULA-NETWORK
https://record.pt,PT-NOS-961101
https://mover.uz,SARKOR-ROUTERS
https://jugem.jp,AMAZON-NRT
https://pccomponentes.com,CLOUDFLARENET
https://rackspace.com,AMAZON-IAD
https://novelupdates.com,CLOUDFLARENET
https://ssa.gov,SSA
https://googleblog.com,GOOGLE
https://dlsite.com,AMAZON-NRT
https://sonymobile.com,AMAZO-CF
https://imgflip.com,CLOUDFLARENET
https://ruliweb.com,HOSTWAY-KR
https://ismedia.jp,JB-NET
https://net-a-porter.com,AKAMAI
https://weatherblink.com,GOOGLE-CLOUD
https://attn.com,CLOUDFLARENET
https://arte.tv,SDVNET3
https://gsis.gr,Stylianos_Baboulas
https://looper.com,AMAZO-CF
https://paytmmall.com,AKAMAI-200802
https://ahrefs.com,CLOUDFLARENET
https://babyblog.ru,QRATOR-1602
https://ratemyprofessors.com,AMAZON-IAD
https://vanityfair.com,SKYCA-3
https://idope.se,CLOUDFLARENET
https://sjtu.edu.cn,CERNET-CN
https://qvc.com,AKAMAI
https://izito.co.in,NL-LEASEWEB-20030512
https://518.com.tw,NCICNET-NET
https://laravel.com,CLOUDFLARENET
https://tf1.fr,AMAZO-4
https://bgr.com,AUTOMATTIC
https://kijiji.it,AMAZON-CF
https://quebec-bin.com,B2-NET-SOLUTIONS
https://walla.co.il,AMAZO-CF
https://toggl.com,GOOGLE-CLOUD
https://tampermonkey.net,STRATO-RZG-KA
https://redbus.in,AT-88-Z
https://searchgst.com,AMAZON-IAD
https://rus.porn,AMAZO-4
https://alriyadh.com,AMAZON-DUB
https://aktuality.sk,RINGIERSK-NET1
https://anime-sharing.com,CLOUDFLARENET
https://doctissimo.fr,SKYCA-3
https://alrakoba.net,CLOUDFLARENET
https://caraotadigital.net,CLOUDFLARENET
https://fotor.com,AMAZO-CF
https://20min.ch,AMAZON-03
https://forumcommunity.net,CLOUDFLARENET
https://navitime.co.jp,AMAZO-CF
https://hdfilmizle.life,LINODE
https://teratail.com,AMAZON-NRT
https://vecteezy.com,CLOUDFLARENET
https://alipromo.com,WZ-US-208-94-232-0-24
https://ford.com,FINET
https://vonvon.me,GOOGLE
https://latam.com,GOOGL-2
https://iwara.tv,CLOUDFLARENET
https://msu.edu,INCAPSULA-NET
https://ctrip.com,UNICOM
https://vogue.com,SKYCA-3
https://apytrc.com,SELECTEL-NET
https://ea3w.com,ALICLOUD
https://thenextweb.com,CLOUDFLARENET
https://nbc.com,KORNET-KR
https://tvboxnow.com,CLOUDFLARENET
https://cimbclicks.com.my,AKAMAI
https://ssense.com,CLOUDFLARENET
https://steamdb.info,CLOUDFLARENET
https://societe.com,DEDIBOX-CUST-62_4_30_0
https://ilgiornale.it,AMAZON-DUB
https://haruka-yumenoato.net,LIQUIDWEB
https://bitmotion-tab.com,WORLDSTREAM
https://gametop.com,CLOUDFLARENET
https://redsys.es,REDSYS-ES-NET
https://tgbus.com,CHINANET-HB
https://cabelas.com,AKAMAI
https://marinetraffic.com,CLOUDFLARENET
https://creaders.net,AMAZO-ZPDX
https://asu.edu,SKYCA-3
https://hashflare.io,AMAZO-CF
https://russia.tv,VGTRK-ITD
https://vsco.co,AMAZON-EC2-USWESTOR
https://coingecko.com,CLOUDFLARENET
https://jxnews.com.cn,CHINANET-JX
https://turkishairlines.com,AKAMAI
https://homepage-web.com,CLOUDFLARENET
https://ttmeiju.com,CLOUDFLARENET
https://linguee.es,Linguee-GmbH-dus3
https://cmu.edu,CMU-NET
https://usp.br,156925
https://johnlewis.com,AKAMAI
https://raspberrypi.org,CLOUDFLARENET
https://asianwiki.com,CLOUDFLARENET
https://upsc.gov.in,NICNET
https://spectrum.com,RRWE
https://tamilrockers.lv,DC-Germany
https://sigmaaldrich.com,INCAPSULA-NET
https://cam.ac.uk,CAM-AC-UK
https://lyricstranslate.com,KOR_VULTR_CUST
https://tdscpc.gov.in,ITLC-4519854-NOIDA
https://mthai.com,TRIPLETNET-TH
https://ally.com,ALLY-FINANCIAL
https://howtosimplified.com,GOOGLE-CLOUD
https://fragrantica.com,CLOUDFLARENET
https://mysynchrony.com,AKAMAI
https://isohunt.to,HMARAIO
https://mastercard.com.au,AKAMAI
https://liberation.fr,AMAZO-CF
https://o2tvseries.com,CLOUDFLARENET
https://cnki.net,NewJiaHua
https://webofknowledge.com,AMAZO-ZPDX7
https://worldbank.org,AT-88-Z
https://extratorrent.cd,CLOUDFLARENET
https://history.com,SKYCA-3
https://watchonlinemovies.com.pk,CLOUDFLARENET
https://spring.io,CLOUDFLARENET
https://yinxiang.com,TencentCloud
https://zazzle.com,SKYCA-3
https://javedch.com,CLOUDFLARENET
https://garanti.com.tr,Garanti-Bank-217-1
https://panasonic.jp,AKAMAI
https://cointraffic.io,UK-LAYERSHIFT-20091109
https://viralinindia.net,CLOUDFLARENET
https://google.co.mz,GOOGLE
https://pingdom.com,CLOUDFLARENET
https://vietnamnet.vn,CMCTELECOM-VN
https://narvar.com,AMAZON
https://ole.com.ar,CLOUDFLARENET
https://ytmp3.cc,
https://parimatch.com,CLOUDFLARENET
https://khabarfarsi.com,DE-HETZNER-20010209
https://gigazine.net,CLOUDFLARENET
https://elzmannews.com,CLOUDFLARENET
https://webinarjam.net,CLOUDFLARENET
https://trenitalia.com,AKAMAI
https://thenewslens.com,CLOUDFLARENET
https://sony.jp,AMAZON-NRT
https://cityheaven.net,AMAZON-NRT
https://lolskill.net,CLOUDFLARENET
https://distractify.com,SKYCA-3
https://who.is,AMAZO-ZIAD2
https://club-k.net,CLOUDFLARENET
https://animenewsnetwork.com,CLOUDFLARENET
https://worldcat.org,CLOUDFLARENET
https://bankia.es,CAIXA_ECO_CD2_NEG
https://collinsdictionary.com,CLOUDFLARENET
https://fulltab.com,AMAZO-ZPDX9
https://probiller.com,REFLECTED-1
https://sina.cn,SINA
https://autozone.com,AKAMAI
https://abema.tv,SKYCA-3
https://laiguana.tv,CLOUDFLARENET
https://showroom-live.com,AMAZON-NRT1
https://barlamane.com,CLOUDFLARENET
https://campograndenews.com.br,AMAZON-GRU
https://quidco.com,CLOUDFLARENET
https://thestar.com,NET-LEEENT
https://phimbathu.com,AT-88-Z
https://irna.ir,ANYCAST_185-143-233-0_24
https://uwants.com,CLOUDFLARENET
https://onlinemultfilmy.ru,
https://blogos.com,LINE
https://tvzvezda.ru,QRATOR-1925
https://testbook.com,CLOUDFLARENET
https://shimo.im,HWCSNET
https://juegos.com,AMAZON-IAD
https://privatesearches.info,TRELLIAN-AU
https://goody25.com,CLOUDFLARENET
https://zamzar.com,SOFTLAYER-4-3
https://whatismyipaddress.com,CLOUDFLARENET
https://ticketmonster.co.kr,TMON-KR
https://lloydsbank.com,MICROSOFT
https://laredoute.fr,CLOUDFLARENET
https://cleartrip.com,GOOGL-2
https://metbuat.az,DELTA-VSAT
https://teespring.com,CLOUDFLARENET
https://prizegrab.com,AMAZON-IAD
https://clickbank.com,GOOGLE-CLOUD
https://emp3s.co,DC-Germany
https://beinsports.com,MSFT
https://ecuavisa.com,CLOUDFLARENET
https://netbarg.com,ANYCAST_185-143-234-0_24
https://4gamer.net,AETAS
https://zimbra.free.fr,FR-PROXAD
https://smbc-comics.com,IOFLOOD
https://torrentday.com,CLOUDFLARENET
https://rae.es,CLOUDFLARENET
https://hdkinohit.net,TRELLIAN-AU
https://q.gs,CLOUDFLARENET
https://amarujala.com,AMAZO-ZL4
https://sparknotes.com,UUNET65
https://telugu360.com,SUCURI-ARIN-002
https://bkrs.info,HZ-NA1
https://gsurl.in,CLOUDFLARENET
https://mundosexanuncio.com,CLOUDFLARENET
https://lesechos.fr,NAMESHIELD-FR-ANYCAST
https://genesis-mining.com,CLOUDFLARENET
https://warcraftlogs.com,AMAZO-ZPDX
https://takealot.com,CLOUDFLARENET
https://delish.com,SKYCA-3
https://mentalfloss.com,AMAZO-ZPDX
https://ucoz.com,COMPUBYTE-NET
https://wallpapersafari.com,CLOUDFLARENET
https://alarabpost.com,AMAZON-FRA
https://esquire.com,SKYCA-3
https://guioteca.com,NET-158-85-46-96
